{
  "alignment": "results_nl63/aligned.fasta",
  "clock": {
    "intercept": -0.6813547621486926,
    "rate": 0.0003905226863174568,
    "rtt_Tmrca": 1744.7251748002618
  },
  "generated_by": {
    "program": "augur",
    "version": "6.4.3"
  },
  "input_tree": "results_nl63/tree_raw.nwk",
  "nodes": {
    "12MYKL0280": {
      "branch_length": 2.6603542772265544e-05,
      "clock_length": 2.6603542772265544e-05,
      "date": "2012-01-28",
      "mutation_length": 2.1e-06,
      "num_date_confidence": [
        2012.0013661202186,
        2012.9986338797814
      ],
      "numdate": 2012.0756594386235,
      "raw_date": "2012-XX-XX"
    },
    "12MYKL0482": {
      "branch_length": 1.793850754716348e-05,
      "clock_length": 1.793850754716348e-05,
      "date": "2012-01-18",
      "mutation_length": 0.0,
      "num_date_confidence": [
        2012.0013661202186,
        2012.9986338797814
      ],
      "numdate": 2012.0484637832515,
      "raw_date": "2012-XX-XX"
    },
    "12MYKL0719": {
      "branch_length": 0.0008202702990289376,
      "clock_length": 0.0008202702990289376,
      "date": "2012-12-31",
      "mutation_length": 0.00074567,
      "num_date_confidence": [
        2012.1971131927653,
        2012.9986338797814
      ],
      "numdate": 2012.9986338797814,
      "raw_date": "2012-XX-XX"
    },
    "12MYKL0730": {
      "branch_length": 2.9630793592242376e-05,
      "clock_length": 2.9630793592242376e-05,
      "date": "2012-03-08",
      "mutation_length": 0.0,
      "num_date_confidence": [
        2012.0013661202186,
        2012.9986338797814
      ],
      "numdate": 2012.1843609343914,
      "raw_date": "2012-XX-XX"
    },
    "12MYKL0736": {
      "branch_length": 0.0006123289653805807,
      "clock_length": 0.0006123289653805807,
      "date": "2012-01-01",
      "mutation_length": 0.00074598,
      "num_date_confidence": [
        2012.0013661202186,
        2012.9986338797814
      ],
      "numdate": 2012.0013661202186,
      "raw_date": "2012-XX-XX"
    },
    "12MYKL0750": {
      "branch_length": 2.320330168355646e-05,
      "clock_length": 2.320330168355646e-05,
      "date": "2012-01-23",
      "mutation_length": 2.1e-06,
      "num_date_confidence": [
        2012.0013661202186,
        2012.9986338797814
      ],
      "numdate": 2012.0619451873308,
      "raw_date": "2012-XX-XX"
    },
    "12MYKL0779": {
      "branch_length": 0.0004926930921029236,
      "clock_length": 0.0004926930921029236,
      "date": "2012-01-15",
      "mutation_length": 0.00074514,
      "num_date_confidence": [
        2012.0013661202186,
        2012.9986338797814
      ],
      "numdate": 2012.0409146013494,
      "raw_date": "2012-XX-XX"
    },
    "12MYKL0780": {
      "branch_length": 0.0016547268393133402,
      "clock_length": 0.0016547268393133402,
      "date": "2012-12-31",
      "mutation_length": 0.00224091,
      "num_date_confidence": [
        2012.5531372111832,
        2012.9986338797814
      ],
      "numdate": 2012.9986338797814,
      "raw_date": "2012-XX-XX"
    },
    "12MYKL0802": {
      "branch_length": 2.171113792922945e-05,
      "clock_length": 2.171113792922945e-05,
      "date": "2012-01-24",
      "mutation_length": 0.0,
      "num_date_confidence": [
        2012.0013661202186,
        2012.9986338797814
      ],
      "numdate": 2012.0631316008962,
      "raw_date": "2012-XX-XX"
    },
    "12MYKL0809": {
      "branch_length": 0.0007105730561106889,
      "clock_length": 0.0007105730561106889,
      "date": "2012-03-14",
      "mutation_length": 0.0007449,
      "num_date_confidence": [
        2012.0013661202186,
        2012.9986338797814
      ],
      "numdate": 2012.2009200881964,
      "raw_date": "2012-XX-XX"
    },
    "12MYKL0813": {
      "branch_length": 0.0010084888693560755,
      "clock_length": 0.0010084888693560755,
      "date": "2012-12-31",
      "mutation_length": 0.00223873,
      "num_date_confidence": [
        2012.7593158352415,
        2012.9986338797814
      ],
      "numdate": 2012.9986338797814,
      "raw_date": "2012-XX-XX"
    },
    "12MYKL0862": {
      "branch_length": 0.001526175543494572,
      "clock_length": 0.001526175543494572,
      "date": "2012-09-02",
      "mutation_length": 0.00149358,
      "num_date_confidence": [
        2012.0013661202186,
        2012.9986338797814
      ],
      "numdate": 2012.6694563433084,
      "raw_date": "2012-XX-XX"
    },
    "12MYKL0863": {
      "branch_length": 4.7009554367372954e-05,
      "clock_length": 4.7009554367372954e-05,
      "date": "2012-12-24",
      "mutation_length": 2.1e-06,
      "num_date_confidence": [
        2012.8277704706477,
        2012.9986338797814
      ],
      "numdate": 2012.9790129073544,
      "raw_date": "2012-XX-XX"
    },
    "12MYKL0865": {
      "branch_length": 0.0006190331849137906,
      "clock_length": 0.0006190331849137906,
      "date": "2012-01-01",
      "mutation_length": 2.1e-06,
      "num_date_confidence": [
        2012.0013661202186,
        2012.8989071038252
      ],
      "numdate": 2012.0013661202186,
      "raw_date": "2012-XX-XX"
    },
    "12MYKL0880": {
      "branch_length": 4.78668049331602e-05,
      "clock_length": 4.78668049331602e-05,
      "date": "2012-06-02",
      "mutation_length": 0.0,
      "num_date_confidence": [
        2012.0013661202186,
        2012.9986338797814
      ],
      "numdate": 2012.4188430719641,
      "raw_date": "2012-XX-XX"
    },
    "12MYKL0903": {
      "branch_length": 1.3468442810777616e-05,
      "clock_length": 1.3468442810777616e-05,
      "date": "2012-01-19",
      "mutation_length": 0.0,
      "num_date_confidence": [
        2012.0013661202186,
        2012.9986338797814
      ],
      "numdate": 2012.0503603497257,
      "raw_date": "2012-XX-XX"
    },
    "12MYKL0943": {
      "branch_length": 2.171113792922945e-05,
      "clock_length": 2.171113792922945e-05,
      "date": "2012-01-24",
      "mutation_length": 0.0,
      "num_date_confidence": [
        2012.0013661202186,
        2012.9986338797814
      ],
      "numdate": 2012.0631316008962,
      "raw_date": "2012-XX-XX"
    },
    "12MYKL0964": {
      "branch_length": 2.9630793592242376e-05,
      "clock_length": 2.9630793592242376e-05,
      "date": "2012-03-08",
      "mutation_length": 0.0,
      "num_date_confidence": [
        2012.0013661202186,
        2012.9986338797814
      ],
      "numdate": 2012.1843609343914,
      "raw_date": "2012-XX-XX"
    },
    "12MYKL0967": {
      "branch_length": 4.7009554367372954e-05,
      "clock_length": 4.7009554367372954e-05,
      "date": "2012-12-24",
      "mutation_length": 2.1e-06,
      "num_date_confidence": [
        2012.8277704706477,
        2012.9986338797814
      ],
      "numdate": 2012.9790129073544,
      "raw_date": "2012-XX-XX"
    },
    "12MYKL1002": {
      "branch_length": 4.78668049331602e-05,
      "clock_length": 4.78668049331602e-05,
      "date": "2012-06-02",
      "mutation_length": 0.0,
      "num_date_confidence": [
        2012.0013661202186,
        2012.9986338797814
      ],
      "numdate": 2012.4188430719641,
      "raw_date": "2012-XX-XX"
    },
    "12MYKL1007": {
      "branch_length": 4.78668049331602e-05,
      "clock_length": 4.78668049331602e-05,
      "date": "2012-06-02",
      "mutation_length": 0.0,
      "num_date_confidence": [
        2012.0013661202186,
        2012.9986338797814
      ],
      "numdate": 2012.4188430719641,
      "raw_date": "2012-XX-XX"
    },
    "12MYKL1013": {
      "branch_length": 1.436045656524193e-05,
      "clock_length": 1.436045656524193e-05,
      "date": "2012-01-01",
      "mutation_length": 2.1e-06,
      "num_date_confidence": [
        2012.0013661202186,
        2012.2156006807302
      ],
      "numdate": 2012.0013661202186,
      "raw_date": "2012-XX-XX"
    },
    "12MYKL1055": {
      "branch_length": 1.9905754881700734e-05,
      "clock_length": 1.9905754881700734e-05,
      "date": "2012-07-12",
      "mutation_length": 2.1e-06,
      "num_date_confidence": [
        2012.0013661202186,
        2012.9986338797814
      ],
      "numdate": 2012.530051564888,
      "raw_date": "2012-XX-XX"
    },
    "12MYKL1064": {
      "branch_length": 2.320330168355646e-05,
      "clock_length": 2.320330168355646e-05,
      "date": "2012-01-23",
      "mutation_length": 2.1e-06,
      "num_date_confidence": [
        2012.0013661202186,
        2012.9986338797814
      ],
      "numdate": 2012.0619451873308,
      "raw_date": "2012-XX-XX"
    },
    "12MYKL1079": {
      "branch_length": 2.171113792922945e-05,
      "clock_length": 2.171113792922945e-05,
      "date": "2012-01-24",
      "mutation_length": 0.0,
      "num_date_confidence": [
        2012.0013661202186,
        2012.9986338797814
      ],
      "numdate": 2012.0631316008962,
      "raw_date": "2012-XX-XX"
    },
    "12MYKL1088": {
      "branch_length": 0.00020289777925473458,
      "clock_length": 0.00020289777925473458,
      "date": "2012-12-31",
      "mutation_length": 0.00074567,
      "num_date_confidence": [
        2012.871020753368,
        2012.9986338797814
      ],
      "numdate": 2012.9986338797814,
      "raw_date": "2012-XX-XX"
    },
    "12MYKL1089": {
      "branch_length": 0.000251252409208271,
      "clock_length": 0.000251252409208271,
      "date": "2012-01-01",
      "mutation_length": 2.1e-06,
      "num_date_confidence": [
        2012.0013661202186,
        2012.2129584665463
      ],
      "numdate": 2012.0013661202186,
      "raw_date": "2012-XX-XX"
    },
    "12MYKL1193": {
      "branch_length": 4.78668049331602e-05,
      "clock_length": 4.78668049331602e-05,
      "date": "2012-06-02",
      "mutation_length": 0.0,
      "num_date_confidence": [
        2012.0013661202186,
        2012.9986338797814
      ],
      "numdate": 2012.4188430719641,
      "raw_date": "2012-XX-XX"
    },
    "12MYKL1195": {
      "branch_length": 0.0003870460009355926,
      "clock_length": 0.0003870460009355926,
      "date": "2012-12-31",
      "mutation_length": 0.00074469,
      "num_date_confidence": [
        2012.8367263947127,
        2012.9986338797814
      ],
      "numdate": 2012.9986338797814,
      "raw_date": "2012-XX-XX"
    },
    "12MYKL1197": {
      "branch_length": 1.3468442810777616e-05,
      "clock_length": 1.3468442810777616e-05,
      "date": "2012-01-19",
      "mutation_length": 0.0,
      "num_date_confidence": [
        2012.0013661202186,
        2012.9986338797814
      ],
      "numdate": 2012.0503603497257,
      "raw_date": "2012-XX-XX"
    },
    "12MYKL1229": {
      "branch_length": 5.45481969535873e-05,
      "clock_length": 5.45481969535873e-05,
      "date": "2012-11-09",
      "mutation_length": 2.1e-06,
      "num_date_confidence": [
        2012.0013661202186,
        2012.9986338797814
      ],
      "numdate": 2012.8570441589861,
      "raw_date": "2012-XX-XX"
    },
    "12MYKL1238": {
      "branch_length": 2.9630793592242376e-05,
      "clock_length": 2.9630793592242376e-05,
      "date": "2012-03-08",
      "mutation_length": 0.0,
      "num_date_confidence": [
        2012.0013661202186,
        2012.9986338797814
      ],
      "numdate": 2012.1843609343914,
      "raw_date": "2012-XX-XX"
    },
    "12MYKL1253": {
      "branch_length": 2.171113792922945e-05,
      "clock_length": 2.171113792922945e-05,
      "date": "2012-01-24",
      "mutation_length": 0.0,
      "num_date_confidence": [
        2012.0013661202186,
        2012.9986338797814
      ],
      "numdate": 2012.0631316008962,
      "raw_date": "2012-XX-XX"
    },
    "12MYKL1288": {
      "branch_length": 2.9630793592242376e-05,
      "clock_length": 2.9630793592242376e-05,
      "date": "2012-03-08",
      "mutation_length": 0.0,
      "num_date_confidence": [
        2012.0013661202186,
        2012.9986338797814
      ],
      "numdate": 2012.1843609343914,
      "raw_date": "2012-XX-XX"
    },
    "12MYKL1336": {
      "branch_length": 1.1599842054017817e-05,
      "clock_length": 1.1599842054017817e-05,
      "date": "2012-01-12",
      "mutation_length": 2.1e-06,
      "num_date_confidence": [
        2012.0013661202186,
        2012.9986338797814
      ],
      "numdate": 2012.0322325482548,
      "raw_date": "2012-XX-XX"
    },
    "12MYKL1337": {
      "branch_length": 1.1599842054017817e-05,
      "clock_length": 1.1599842054017817e-05,
      "date": "2012-01-12",
      "mutation_length": 2.1e-06,
      "num_date_confidence": [
        2012.0013661202186,
        2012.9986338797814
      ],
      "numdate": 2012.0322325482548,
      "raw_date": "2012-XX-XX"
    },
    "12MYKL1350": {
      "branch_length": 0.0007716685539877746,
      "clock_length": 0.0007716685539877746,
      "date": "2012-12-31",
      "mutation_length": 0.0007447,
      "num_date_confidence": [
        2012.2724456453884,
        2012.9986338797814
      ],
      "numdate": 2012.9986338797814,
      "raw_date": "2012-XX-XX"
    },
    "12MYKL1528": {
      "branch_length": 2.2669354023499653e-05,
      "clock_length": 2.2669354023499653e-05,
      "date": "2012-01-23",
      "mutation_length": 2.1e-06,
      "num_date_confidence": [
        2012.0013661202186,
        2012.9986338797814
      ],
      "numdate": 2012.060577923203,
      "raw_date": "2012-XX-XX"
    },
    "13MYKL1791": {
      "branch_length": 0.0007099113743480614,
      "clock_length": 0.0007099113743480614,
      "date": "2013-05-04",
      "mutation_length": 0.00074529,
      "num_date_confidence": [
        2013.0013698630137,
        2013.9986301369863
      ],
      "numdate": 2013.3389462039484,
      "raw_date": "2013-XX-XX"
    },
    "13MYKL1797": {
      "branch_length": 0.0001109106585950744,
      "clock_length": 0.0001109106585950744,
      "date": "2013-01-01",
      "mutation_length": 0.0,
      "num_date_confidence": [
        2013.0013698630137,
        2013.898904109589
      ],
      "numdate": 2013.0013698630137,
      "raw_date": "2013-XX-XX"
    },
    "13MYKL1870": {
      "branch_length": 0.000931401241475767,
      "clock_length": 0.000931401241475767,
      "date": "2013-01-01",
      "mutation_length": 2.1e-06,
      "num_date_confidence": [
        2013.0013698630137,
        2013.898904109589
      ],
      "numdate": 2013.0013698630137,
      "raw_date": "2013-XX-XX"
    },
    "13MYKL2005": {
      "branch_length": 0.0007426910218580529,
      "clock_length": 0.0007426910218580529,
      "date": "2013-11-28",
      "mutation_length": 0.00074469,
      "num_date_confidence": [
        2013.0013698630137,
        2013.9986301369863
      ],
      "numdate": 2013.909323663968,
      "raw_date": "2013-XX-XX"
    },
    "BJ021": {
      "branch_length": 0.004738483140261616,
      "clock_length": 0.004738483140261616,
      "date": "2014-05-31",
      "mutation_length": 0.00512112,
      "num_date_confidence": [
        2014.3301369863013,
        2014.4123287671232
      ],
      "numdate": 2014.4123287671232,
      "raw_date": "2014-05-XX"
    },
    "BJ040": {
      "branch_length": 1.5911611622163903e-06,
      "clock_length": 1.5911611622163903e-06,
      "date": "2014-05-01",
      "mutation_length": 2.1e-06,
      "num_date_confidence": [
        2014.3301369863013,
        2014.402087756646
      ],
      "numdate": 2014.3301369863013,
      "raw_date": "2014-05-XX"
    },
    "BJ082": {
      "branch_length": 1.5911611622163903e-06,
      "clock_length": 1.5911611622163903e-06,
      "date": "2014-05-01",
      "mutation_length": 2.1e-06,
      "num_date_confidence": [
        2014.3301369863013,
        2014.402087756646
      ],
      "numdate": 2014.3301369863013,
      "raw_date": "2014-05-XX"
    },
    "Baghdad_2018": {
      "branch_length": 0.0029776888994646044,
      "clock_length": 0.0029776888994646044,
      "date": "2018-12-26",
      "mutation_length": 0.00343784,
      "num_date_confidence": [
        2018.9849315068493,
        2018.9849315068493
      ],
      "numdate": 2018.9849315068493,
      "raw_date": "2018-12-26"
    },
    "CN0601/14": {
      "branch_length": 0.0012164590992510527,
      "clock_length": 0.0012164590992510527,
      "date": "2014-11-25",
      "mutation_length": 0.00092898,
      "num_date_confidence": [
        2014.9,
        2014.9
      ],
      "numdate": 2014.9,
      "raw_date": "2014-11-25"
    },
    "ChinaGD02": {
      "branch_length": 2.6342193286135957e-05,
      "clock_length": 2.6342193286135957e-05,
      "date": "2018-08-15",
      "mutation_length": 2.03e-06,
      "num_date_confidence": [
        2018.6205479452055,
        2018.6205479452055
      ],
      "numdate": 2018.6205479452055,
      "raw_date": "2018-08-15"
    },
    "ChinaGD03": {
      "branch_length": 0.0012251774113180526,
      "clock_length": 0.0012251774113180526,
      "date": "2018-07-13",
      "mutation_length": 0.00136599,
      "num_date_confidence": [
        2018.5301369863014,
        2018.5301369863014
      ],
      "numdate": 2018.5301369863014,
      "raw_date": "2018-07-13"
    },
    "ChinaGD04": {
      "branch_length": 2.3538353695859416e-05,
      "clock_length": 2.3538353695859416e-05,
      "date": "2018-07-25",
      "mutation_length": 2.64e-06,
      "num_date_confidence": [
        2018.5630136986301,
        2018.5630136986301
      ],
      "numdate": 2018.5630136986301,
      "raw_date": "2018-07-25"
    },
    "ChinaGD05": {
      "branch_length": 0.0003757183675149493,
      "clock_length": 0.0003757183675149493,
      "date": "2018-08-14",
      "mutation_length": 2.42e-06,
      "num_date_confidence": [
        2018.6178082191782,
        2018.6178082191782
      ],
      "numdate": 2018.6178082191782,
      "raw_date": "2018-08-14"
    },
    "ChinaGD06": {
      "branch_length": 3.074496473289554e-05,
      "clock_length": 3.074496473289554e-05,
      "date": "2018-08-01",
      "mutation_length": 2.1e-06,
      "num_date_confidence": [
        2018.5821917808219,
        2018.5821917808219
      ],
      "numdate": 2018.5821917808219,
      "raw_date": "2018-08-01"
    },
    "ChinaGD07": {
      "branch_length": 2.9269103651262656e-06,
      "clock_length": 2.9269103651262656e-06,
      "date": "2018-07-06",
      "mutation_length": 2.1e-06,
      "num_date_confidence": [
        2018.5109589041097,
        2018.5109589041097
      ],
      "numdate": 2018.5109589041097,
      "raw_date": "2018-07-06"
    },
    "ChinaGD08": {
      "branch_length": 0.0,
      "clock_length": 0.0,
      "date": "2018-07-03",
      "mutation_length": 2.1e-06,
      "num_date_confidence": [
        2018.5027397260274,
        2018.5027397260274
      ],
      "numdate": 2018.5027397260274,
      "raw_date": "2018-07-03"
    },
    "ChinaGD09": {
      "branch_length": 0.00023593384889946463,
      "clock_length": 0.00023593384889946463,
      "date": "2018-08-01",
      "mutation_length": 0.00055084,
      "num_date_confidence": [
        2018.5821917808219,
        2018.5821917808219
      ],
      "numdate": 2018.5821917808219,
      "raw_date": "2018-08-01"
    },
    "ChinaGD10": {
      "branch_length": 0.0003767882926829268,
      "clock_length": 0.0003767882926829268,
      "date": "2018-08-15",
      "mutation_length": 0.00054981,
      "num_date_confidence": [
        2018.6205479452055,
        2018.6205479452055
      ],
      "numdate": 2018.6205479452055,
      "raw_date": "2018-08-15"
    },
    "ChinaGD11": {
      "branch_length": 0.0003767882926829268,
      "clock_length": 0.0003767882926829268,
      "date": "2018-08-15",
      "mutation_length": 0.00164984,
      "num_date_confidence": [
        2018.6205479452055,
        2018.6205479452055
      ],
      "numdate": 2018.6205479452055,
      "raw_date": "2018-08-15"
    },
    "ChinaGD12": {
      "branch_length": 1.1363240934185058e-05,
      "clock_length": 1.1363240934185058e-05,
      "date": "2018-08-01",
      "mutation_length": 2.1e-06,
      "num_date_confidence": [
        2018.5821917808219,
        2018.5821917808219
      ],
      "numdate": 2018.5821917808219,
      "raw_date": "2018-08-01"
    },
    "ChinaGD13": {
      "branch_length": 2.9269103651262656e-06,
      "clock_length": 2.9269103651262656e-06,
      "date": "2018-07-06",
      "mutation_length": 2.1e-06,
      "num_date_confidence": [
        2018.5109589041097,
        2018.5109589041097
      ],
      "numdate": 2018.5109589041097,
      "raw_date": "2018-07-06"
    },
    "ChinaGD14": {
      "branch_length": 0.0012455059895098907,
      "clock_length": 0.0012455059895098907,
      "date": "2018-08-01",
      "mutation_length": 2.1e-06,
      "num_date_confidence": [
        2018.5821917808219,
        2018.5821917808219
      ],
      "numdate": 2018.5821917808219,
      "raw_date": "2018-08-01"
    },
    "HCOV/KENYA/003/2009": {
      "branch_length": 4.21425483927919e-05,
      "clock_length": 4.21425483927919e-05,
      "date": "2014-07-01",
      "mutation_length": 2.1e-06,
      "num_date_confidence": [
        2014.4972602739726,
        2014.4972602739726
      ],
      "numdate": 2014.4972602739726,
      "raw_date": "2014-07-01"
    },
    "HCOV/KENYA/004/2012": {
      "branch_length": 0.0005294906603212374,
      "clock_length": 0.0005294906603212374,
      "date": "2014-07-01",
      "mutation_length": 2.1e-06,
      "num_date_confidence": [
        2014.4972602739726,
        2014.4972602739726
      ],
      "numdate": 2014.4972602739726,
      "raw_date": "2014-07-01"
    },
    "HCOV/KENYA/005/2009": {
      "branch_length": 1.1707641460505062e-05,
      "clock_length": 1.1707641460505062e-05,
      "date": "2014-07-01",
      "mutation_length": 2.1e-06,
      "num_date_confidence": [
        2014.4972602739726,
        2014.4972602739726
      ],
      "numdate": 2014.4972602739726,
      "raw_date": "2014-07-01"
    },
    "HCOV/KENYA/011/2009": {
      "branch_length": 1.1707641460505062e-05,
      "clock_length": 1.1707641460505062e-05,
      "date": "2014-07-01",
      "mutation_length": 2.1e-06,
      "num_date_confidence": [
        2014.4972602739726,
        2014.4972602739726
      ],
      "numdate": 2014.4972602739726,
      "raw_date": "2014-07-01"
    },
    "HCOV/KENYA/015/2009": {
      "branch_length": 0.0005294906603212374,
      "clock_length": 0.0005294906603212374,
      "date": "2014-07-01",
      "mutation_length": 0.00231188,
      "num_date_confidence": [
        2014.4972602739726,
        2014.4972602739726
      ],
      "numdate": 2014.4972602739726,
      "raw_date": "2014-07-01"
    },
    "HCoVNL63/Tokyo/SGH_15/2017": {
      "branch_length": 0.0012298326223183684,
      "clock_length": 0.0012298326223183684,
      "date": "2017-01-01",
      "mutation_length": 0.00020169,
      "num_date_confidence": [
        2017.0013698630137,
        2017.3163443382955
      ],
      "numdate": 2017.0013698630137,
      "raw_date": "2017-XX-XX"
    },
    "HCoVNL63/Tokyo/SGH_18/2018": {
      "branch_length": 1.698545007281036e-05,
      "clock_length": 1.698545007281036e-05,
      "date": "2018-01-01",
      "mutation_length": 2.1e-06,
      "num_date_confidence": [
        2018.0013698630137,
        2018.3305981922588
      ],
      "numdate": 2018.0013698630137,
      "raw_date": "2018-XX-XX"
    },
    "HCoVNL63/Tokyo/SGH_24/2018": {
      "branch_length": 1.698545007281036e-05,
      "clock_length": 1.698545007281036e-05,
      "date": "2018-01-01",
      "mutation_length": 2.1e-06,
      "num_date_confidence": [
        2018.0013698630137,
        2018.3305981922588
      ],
      "numdate": 2018.0013698630137,
      "raw_date": "2018-XX-XX"
    },
    "HCoV_NL63/Haiti_1/2015": {
      "branch_length": 9.284925985654936e-06,
      "clock_length": 9.284925985654936e-06,
      "date": "2015-01-16",
      "mutation_length": 2.92e-06,
      "num_date_confidence": [
        2015.0424657534247,
        2015.0424657534247
      ],
      "numdate": 2015.0424657534247,
      "raw_date": "2015-01-16"
    },
    "HCoV_NL63/Seattle/USA/SC0179/2018": {
      "branch_length": 0.0015311813366877575,
      "clock_length": 0.0015311813366877575,
      "date": "2018-01-01",
      "mutation_length": 0.00085338,
      "num_date_confidence": [
        2018.0013698630137,
        2018.433305569595
      ],
      "numdate": 2018.0013698630137,
      "raw_date": "2018-XX-XX"
    },
    "HCoV_NL63/Seattle/USA/SC0768/2019": {
      "branch_length": 0.0029738954014940544,
      "clock_length": 0.0029738954014940544,
      "date": "2019-12-31",
      "mutation_length": 0.00329628,
      "num_date_confidence": [
        2019.2535279753045,
        2019.9986301369863
      ],
      "numdate": 2019.9986301369863,
      "raw_date": "2019-XX-XX"
    },
    "HCoV_NL63/Seattle/USA/SC2940/2015": {
      "branch_length": 0.0006827159777842574,
      "clock_length": 0.0006827159777842574,
      "date": "2015-08-08",
      "mutation_length": 0.00067169,
      "num_date_confidence": [
        2015.0013698630137,
        2015.9986301369863
      ],
      "numdate": 2015.6003843026272,
      "raw_date": "2015-XX-XX"
    },
    "Kilifi/IP/012/15_Jun_2012": {
      "branch_length": 0.00026427996728138007,
      "clock_length": 0.00026427996728138007,
      "date": "2012-06-15",
      "mutation_length": 0.0004539,
      "num_date_confidence": [
        2012.454918032787,
        2012.454918032787
      ],
      "numdate": 2012.454918032787,
      "raw_date": "2012-06-15"
    },
    "Kilifi/IP/013/27_Jul_2012": {
      "branch_length": 0.0002956179468777474,
      "clock_length": 0.0002956179468777474,
      "date": "2012-07-27",
      "mutation_length": 2.1e-06,
      "num_date_confidence": [
        2012.5696721311476,
        2012.5696721311476
      ],
      "numdate": 2012.5696721311476,
      "raw_date": "2012-07-27"
    },
    "Kilifi/IP/014/21_Aug_2012": {
      "branch_length": 0.0003357690929186828,
      "clock_length": 0.0003357690929186828,
      "date": "2012-08-21",
      "mutation_length": 0.00181625,
      "num_date_confidence": [
        2012.6379781420765,
        2012.6379781420765
      ],
      "numdate": 2012.6379781420765,
      "raw_date": "2012-08-21"
    },
    "Kilifi/IP/015/19_Nov_2012": {
      "branch_length": 0.0004183231625239127,
      "clock_length": 0.0004183231625239127,
      "date": "2012-11-19",
      "mutation_length": 0.00045435,
      "num_date_confidence": [
        2012.8838797814208,
        2012.8838797814208
      ],
      "numdate": 2012.8838797814208,
      "raw_date": "2012-11-19"
    },
    "Kilifi/IP/016/08_Apr_2013": {
      "branch_length": 1.610437569935343e-05,
      "clock_length": 1.610437569935343e-05,
      "date": "2013-04-08",
      "mutation_length": 0.0,
      "num_date_confidence": [
        2013.2671232876712,
        2013.2671232876712
      ],
      "numdate": 2013.2671232876712,
      "raw_date": "2013-04-08"
    },
    "Kilifi/IP/017/12_Apr_2013": {
      "branch_length": 0.0001634854134806873,
      "clock_length": 0.0001634854134806873,
      "date": "2013-04-12",
      "mutation_length": 0.00045403,
      "num_date_confidence": [
        2013.2780821917809,
        2013.2780821917809
      ],
      "numdate": 2013.2780821917809,
      "raw_date": "2013-04-12"
    },
    "Kilifi/IP/018/03_May_2013": {
      "branch_length": 0.0,
      "clock_length": 0.0,
      "date": "2013-05-03",
      "mutation_length": 0.0,
      "num_date_confidence": [
        2013.335616438356,
        2013.335616438356
      ],
      "numdate": 2013.335616438356,
      "raw_date": "2013-05-03"
    },
    "Kilifi/IP/019/04_May_2013": {
      "branch_length": 2.736765766951036e-05,
      "clock_length": 2.736765766951036e-05,
      "date": "2013-05-04",
      "mutation_length": 2.1e-06,
      "num_date_confidence": [
        2013.3383561643836,
        2013.3383561643836
      ],
      "numdate": 2013.3383561643836,
      "raw_date": "2013-05-04"
    },
    "Kilifi/IP/020/25_May_2013": {
      "branch_length": 0.0004583958067578926,
      "clock_length": 0.0004583958067578926,
      "date": "2013-05-25",
      "mutation_length": 0.00045373,
      "num_date_confidence": [
        2013.3958904109588,
        2013.3958904109588
      ],
      "numdate": 2013.3958904109588,
      "raw_date": "2013-05-25"
    },
    "Kilifi/IP/021/26_May_2013": {
      "branch_length": 2.4608278863925623e-05,
      "clock_length": 2.4608278863925623e-05,
      "date": "2013-05-26",
      "mutation_length": 0.0,
      "num_date_confidence": [
        2013.3986301369864,
        2013.3986301369864
      ],
      "numdate": 2013.3986301369864,
      "raw_date": "2013-05-26"
    },
    "Kilifi/IP/022/17_Jun_2013": {
      "branch_length": 0.001761861155627736,
      "clock_length": 0.001761861155627736,
      "date": "2013-06-17",
      "mutation_length": 0.00248706,
      "num_date_confidence": [
        2013.458904109589,
        2013.458904109589
      ],
      "numdate": 2013.458904109589,
      "raw_date": "2013-06-17"
    },
    "Kilifi/IP/023/18_Jun_2013": {
      "branch_length": 0.0004840740107897954,
      "clock_length": 0.0004840740107897954,
      "date": "2013-06-18",
      "mutation_length": 2.1e-06,
      "num_date_confidence": [
        2013.4616438356165,
        2013.4616438356165
      ],
      "numdate": 2013.4616438356165,
      "raw_date": "2013-06-18"
    },
    "Kilifi/IP/024/09_Dec_2013": {
      "branch_length": 0.0,
      "clock_length": 0.0,
      "date": "2013-12-09",
      "mutation_length": 0.0,
      "num_date_confidence": [
        2013.9383561643835,
        2013.9383561643835
      ],
      "numdate": 2013.9383561643835,
      "raw_date": "2013-12-09"
    },
    "Kilifi/IP/025/21_Jan_2014": {
      "branch_length": 0.0,
      "clock_length": 0.0,
      "date": "2014-01-21",
      "mutation_length": 0.0,
      "num_date_confidence": [
        2014.0561643835617,
        2014.0561643835617
      ],
      "numdate": 2014.0561643835617,
      "raw_date": "2014-01-21"
    },
    "Kilifi/IP/026/24_Jan_2014": {
      "branch_length": 3.5122924381514754e-05,
      "clock_length": 3.5122924381514754e-05,
      "date": "2014-01-24",
      "mutation_length": 2.1e-06,
      "num_date_confidence": [
        2014.0643835616438,
        2014.0643835616438
      ],
      "numdate": 2014.0643835616438,
      "raw_date": "2014-01-24"
    },
    "Kilifi/IP/027/26_Jan_2014": {
      "branch_length": 0.000483647263533611,
      "clock_length": 0.000483647263533611,
      "date": "2014-01-26",
      "mutation_length": 0.00045445,
      "num_date_confidence": [
        2014.0698630136985,
        2014.0698630136985
      ],
      "numdate": 2014.0698630136985,
      "raw_date": "2014-01-26"
    },
    "Kilifi/IP/028/21_Feb_2014": {
      "branch_length": 3.316768020774534e-05,
      "clock_length": 3.316768020774534e-05,
      "date": "2014-02-21",
      "mutation_length": 0.0,
      "num_date_confidence": [
        2014.141095890411,
        2014.141095890411
      ],
      "numdate": 2014.141095890411,
      "raw_date": "2014-02-21"
    },
    "Kilifi/IP/029/27_May_2014": {
      "branch_length": 0.0007880382832843097,
      "clock_length": 0.0007880382832843097,
      "date": "2014-05-27",
      "mutation_length": 0.0013643,
      "num_date_confidence": [
        2014.4013698630138,
        2014.4013698630138
      ],
      "numdate": 2014.4013698630138,
      "raw_date": "2014-05-27"
    },
    "N06_1144B": {
      "branch_length": 3.613224943628795e-06,
      "clock_length": 3.613224943628795e-06,
      "date": "2016-01-03",
      "mutation_length": 2.1e-06,
      "num_date_confidence": [
        2016.0013661202186,
        2016.9986338797814
      ],
      "numdate": 2016.0071106722557,
      "raw_date": "2016-XX-XX"
    },
    "N07_185B": {
      "branch_length": 7.267630518664617e-05,
      "clock_length": 7.267630518664617e-05,
      "date": "2016-05-09",
      "mutation_length": 3.634e-05,
      "num_date_confidence": [
        2016.0013661202186,
        2016.9986338797814
      ],
      "numdate": 2016.3548743848992,
      "raw_date": "2016-XX-XX"
    },
    "N07_196B": {
      "branch_length": 3.1327968331333785e-05,
      "clock_length": 3.1327968331333785e-05,
      "date": "2016-01-01",
      "mutation_length": 2.1e-06,
      "num_date_confidence": [
        2016.0013661202186,
        2016.2174646929882
      ],
      "numdate": 2016.0013661202186,
      "raw_date": "2016-XX-XX"
    },
    "N07_262B": {
      "branch_length": 3.0259504809759244e-05,
      "clock_length": 3.0259504809759244e-05,
      "date": "2015-12-31",
      "mutation_length": 2.1e-06,
      "num_date_confidence": [
        2015.8340838767597,
        2015.9986301369863
      ],
      "numdate": 2015.9986301369863,
      "raw_date": "2015-XX-XX"
    },
    "N07_324B_182X": {
      "branch_length": 0.00017788703630700997,
      "clock_length": 0.00017788703630700997,
      "date": "2016-08-16",
      "mutation_length": 0.00014644,
      "num_date_confidence": [
        2016.0013661202186,
        2016.9986338797814
      ],
      "numdate": 2016.6242844212595,
      "raw_date": "2016-XX-XX"
    },
    "N07_468B_176X": {
      "branch_length": 5.841130312184443e-05,
      "clock_length": 5.841130312184443e-05,
      "date": "2016-01-06",
      "mutation_length": 7.259e-05,
      "num_date_confidence": [
        2016.0013661202186,
        2016.9986338797814
      ],
      "numdate": 2016.0160660944257,
      "raw_date": "2016-XX-XX"
    },
    "N07_64B": {
      "branch_length": 3.762682359227448e-05,
      "clock_length": 3.762682359227448e-05,
      "date": "2016-02-04",
      "mutation_length": 3.629e-05,
      "num_date_confidence": [
        2016.0013661202186,
        2016.9986338797814
      ],
      "numdate": 2016.09420829767,
      "raw_date": "2016-XX-XX"
    },
    "N07_6B": {
      "branch_length": 3.613224943628795e-06,
      "clock_length": 3.613224943628795e-06,
      "date": "2016-01-03",
      "mutation_length": 2.1e-06,
      "num_date_confidence": [
        2016.0013661202186,
        2016.9986338797814
      ],
      "numdate": 2016.0071106722557,
      "raw_date": "2016-XX-XX"
    },
    "NL63/FRA_EPI/Caen/2012/13": {
      "branch_length": 0.00018781169555582167,
      "clock_length": 0.00018781169555582167,
      "date": "2012-02-01",
      "mutation_length": 0.00022441,
      "num_date_confidence": [
        2012.0860655737704,
        2012.0860655737704
      ],
      "numdate": 2012.0860655737704,
      "raw_date": "2012-02-01"
    },
    "NL63/FRA_EPI/Caen/2012/14": {
      "branch_length": 0.00020488372555883512,
      "clock_length": 0.00020488372555883512,
      "date": "2012-02-17",
      "mutation_length": 2.1e-06,
      "num_date_confidence": [
        2012.129781420765,
        2012.129781420765
      ],
      "numdate": 2012.129781420765,
      "raw_date": "2012-02-17"
    },
    "NL63/FRA_EPI/Caen/2013/15": {
      "branch_length": 0.0003247606855433199,
      "clock_length": 0.0003247606855433199,
      "date": "2013-03-20",
      "mutation_length": 0.00022433,
      "num_date_confidence": [
        2013.2150684931507,
        2013.2150684931507
      ],
      "numdate": 2013.2150684931507,
      "raw_date": "2013-03-20"
    },
    "NL63/FRA_EPI/Caen/2013/16": {
      "branch_length": 0.0010563345326423763,
      "clock_length": 0.0010563345326423763,
      "date": "2013-02-01",
      "mutation_length": 0.00067716,
      "num_date_confidence": [
        2013.0863013698631,
        2013.0863013698631
      ],
      "numdate": 2013.0863013698631,
      "raw_date": "2013-02-01"
    },
    "NL63/FRA_EPI/Caen/2014/17": {
      "branch_length": 0.0002061823973825102,
      "clock_length": 0.0002061823973825102,
      "date": "2014-03-16",
      "mutation_length": 0.00021788,
      "num_date_confidence": [
        2014.204109589041,
        2014.204109589041
      ],
      "numdate": 2014.204109589041,
      "raw_date": "2014-03-16"
    },
    "NL63/FRA_EPI/Caen/2014/18": {
      "branch_length": 0.00026729393499451675,
      "clock_length": 0.00026729393499451675,
      "date": "2014-01-03",
      "mutation_length": 0.00022656,
      "num_date_confidence": [
        2014.0068493150684,
        2014.0068493150684
      ],
      "numdate": 2014.0068493150684,
      "raw_date": "2014-01-03"
    },
    "NL63/FRA_EPI/Caen/2015/19": {
      "branch_length": 0.000708502001784652,
      "clock_length": 0.000708502001784652,
      "date": "2015-01-05",
      "mutation_length": 0.00022678,
      "num_date_confidence": [
        2015.0123287671233,
        2015.0123287671233
      ],
      "numdate": 2015.0123287671233,
      "raw_date": "2015-01-05"
    },
    "NL63/FRA_EPI/Caen/2015/20": {
      "branch_length": 0.00035186497437644576,
      "clock_length": 0.00035186497437644576,
      "date": "2015-02-15",
      "mutation_length": 0.00022664,
      "num_date_confidence": [
        2015.1246575342466,
        2015.1246575342466
      ],
      "numdate": 2015.1246575342466,
      "raw_date": "2015-02-15"
    },
    "NL63/Haiti_2/2015": {
      "branch_length": 8.78073109537858e-06,
      "clock_length": 8.78073109537858e-06,
      "date": "2015-01-21",
      "mutation_length": 2.1e-06,
      "num_date_confidence": [
        2015.0561643835617,
        2015.0561643835617
      ],
      "numdate": 2015.0561643835617,
      "raw_date": "2015-01-21"
    },
    "NL63/Haiti_3/2015": {
      "branch_length": 0.0,
      "clock_length": 0.0,
      "date": "2015-01-22",
      "mutation_length": 0.0,
      "num_date_confidence": [
        2015.058904109589,
        2015.058904109589
      ],
      "numdate": 2015.058904109589,
      "raw_date": "2015-01-22"
    },
    "NL63/Haiti_4/2015": {
      "branch_length": 5.349625839976176e-06,
      "clock_length": 5.349625839976176e-06,
      "date": "2015-01-27",
      "mutation_length": 0.0,
      "num_date_confidence": [
        2015.072602739726,
        2015.072602739726
      ],
      "numdate": 2015.072602739726,
      "raw_date": "2015-01-27"
    },
    "NL63/UF_1/2015": {
      "branch_length": 0.00011899885575575482,
      "clock_length": 0.00011899885575575482,
      "date": "2015-04-30",
      "mutation_length": 0.0001104,
      "num_date_confidence": [
        2015.0013698630137,
        2015.9986301369863
      ],
      "numdate": 2015.328537174966,
      "raw_date": "2015-XX-XX"
    },
    "NL63/UF_2/2015": {
      "branch_length": 0.00025122441403926227,
      "clock_length": 0.00025122441403926227,
      "date": "2015-09-01",
      "mutation_length": 0.00010918,
      "num_date_confidence": [
        2015.6671232876713,
        2015.6671232876713
      ],
      "numdate": 2015.6671232876713,
      "raw_date": "2015-09-01"
    },
    "NL63_KLF_01_2018": {
      "branch_length": 0.0015052443054729327,
      "clock_length": 0.0015052443054729327,
      "date": "2018-01-29",
      "mutation_length": 0.00105353,
      "num_date_confidence": [
        2018.0780821917808,
        2018.0780821917808
      ],
      "numdate": 2018.0780821917808,
      "raw_date": "2018-01-29"
    },
    "NL64": {
      "branch_length": 1.756146219075716e-05,
      "clock_length": 1.756146219075716e-05,
      "date": "2012-01-04",
      "mutation_length": 2.1e-06,
      "num_date_confidence": [
        2012.00956284153,
        2012.00956284153
      ],
      "numdate": 2012.00956284153,
      "raw_date": "2012-01-04"
    },
    "NODE_0000000": {
      "branch_length": 0.001,
      "clock_length": 0.001,
      "date": "1748-07-29",
      "mutation_length": 0.001,
      "num_date_confidence": [
        1707.4749007523712,
        1776.1217708811155
      ],
      "numdate": 1748.5737200633498
    },
    "NODE_0000003": {
      "branch_length": 0.003546499346177414,
      "clock_length": 0.003546499346177414,
      "date": "2011-05-12",
      "mutation_length": 0.0,
      "num_date_confidence": [
        2009.0061763991282,
        2012.6096958129128
      ],
      "numdate": 2011.3600507923802
    },
    "NODE_0000004": {
      "branch_length": 0.0011582948778822177,
      "clock_length": 0.0011582948778822177,
      "date": "2014-04-30",
      "mutation_length": 0.0,
      "num_date_confidence": [
        2014.0895235278365,
        2014.3878905627123
      ],
      "numdate": 2014.3260625465364
    },
    "NODE_0000005": {
      "branch_length": 0.0021968706105198778,
      "clock_length": 0.0021968706105198778,
      "date": "2002-04-12",
      "mutation_length": 0.0,
      "num_date_confidence": [
        1998.7593420676299,
        2003.7408021195909
      ],
      "numdate": 2002.278633833944
    },
    "NODE_0000007": {
      "branch_length": 0.001162466450084707,
      "clock_length": 0.001162466450084707,
      "date": "2014-05-23",
      "mutation_length": 0.0,
      "num_date_confidence": [
        2014.1738170816936,
        2014.4962440226357
      ],
      "numdate": 2014.389347085138
    },
    "NODE_0000008": {
      "branch_length": 3.043490693228684e-05,
      "clock_length": 3.043490693228684e-05,
      "date": "2014-06-20",
      "mutation_length": 0.0,
      "num_date_confidence": [
        2014.3647987407926,
        2014.4972602739726
      ],
      "numdate": 2014.4672808595349
    },
    "NODE_0000014": {
      "branch_length": 0.0006462379699572647,
      "clock_length": 0.0006462379699572647,
      "date": "2010-06-01",
      "mutation_length": 0.00074567,
      "num_date_confidence": [
        2009.9854591882402,
        2011.2787233717834
      ],
      "numdate": 2010.4162259821355
    },
    "NODE_0000015": {
      "branch_length": 0.000515963821684313,
      "clock_length": 0.000515963821684313,
      "date": "2010-01-31",
      "mutation_length": 0.00074612,
      "num_date_confidence": [
        2009.5132902001385,
        2010.7523059529806
      ],
      "numdate": 2010.082636787865
    },
    "NODE_0000016": {
      "branch_length": 0.0004980549239784714,
      "clock_length": 0.0004980549239784714,
      "date": "2011-05-11",
      "mutation_length": 0.00149415,
      "num_date_confidence": [
        2011.1253328279583,
        2011.973308960753
      ],
      "numdate": 2011.357991438001
    },
    "NODE_0000017": {
      "branch_length": 0.0004378103143958213,
      "clock_length": 0.0004378103143958213,
      "date": "2012-06-24",
      "mutation_length": 0.00149404,
      "num_date_confidence": [
        2012.2608621420752,
        2012.6818483982806
      ],
      "numdate": 2012.4790794816286
    },
    "NODE_0000018": {
      "branch_length": 0.00020490601902767422,
      "clock_length": 0.00020490601902767422,
      "date": "2018-07-03",
      "mutation_length": 0.0,
      "num_date_confidence": [
        2018.2875658018272,
        2018.5027397260274
      ],
      "numdate": 2018.5027397260274
    },
    "NODE_0000021": {
      "branch_length": 0.0012007638050893924,
      "clock_length": 0.0012007638050893924,
      "date": "2008-10-05",
      "mutation_length": 0.00149968,
      "num_date_confidence": [
        2008.3683970439583,
        2009.8945282465208
      ],
      "numdate": 2008.7614233481295
    },
    "NODE_0000022": {
      "branch_length": 0.0005591887094427168,
      "clock_length": 0.0005591887094427168,
      "date": "2005-09-08",
      "mutation_length": 0.00135944,
      "num_date_confidence": [
        2004.434686488871,
        2007.0590299555884
      ],
      "numdate": 2005.686662656472
    },
    "NODE_0000023": {
      "branch_length": 0.00035436331987819675,
      "clock_length": 0.00035436331987819675,
      "date": "2006-08-05",
      "mutation_length": 0.00066109,
      "num_date_confidence": [
        2005.3771875388456,
        2007.7869056487011
      ],
      "numdate": 2006.5940704263503
    },
    "NODE_0000024": {
      "branch_length": 0.0020271948302142727,
      "clock_length": 0.0020271948302142727,
      "date": "2011-10-14",
      "mutation_length": 0.00035767,
      "num_date_confidence": [
        2011.1376742726975,
        2012.5300594608698
      ],
      "numdate": 2011.7850488284766
    },
    "NODE_0000025": {
      "branch_length": 0.0009523279886500019,
      "clock_length": 0.0009523279886500019,
      "date": "2014-03-23",
      "mutation_length": 0.00035644,
      "num_date_confidence": [
        2013.7048602866194,
        2014.6848946218877
      ],
      "numdate": 2014.2236472044897
    },
    "NODE_0000026": {
      "branch_length": 0.0009190121354731859,
      "clock_length": 0.0009190121354731859,
      "date": "2008-12-12",
      "mutation_length": 0.00276801,
      "num_date_confidence": [
        2008.2978846723302,
        2009.9040700754274
      ],
      "numdate": 2008.9473578733339
    },
    "NODE_0000027": {
      "branch_length": 0.0010051034977239105,
      "clock_length": 0.0010051034977239105,
      "date": "2011-07-10",
      "mutation_length": 0.00257586,
      "num_date_confidence": [
        2011.1517714357844,
        2011.9974572879562
      ],
      "numdate": 2011.5210969490374
    },
    "NODE_0000028": {
      "branch_length": 0.0005223397020997522,
      "clock_length": 0.0005223397020997522,
      "date": "2012-11-10",
      "mutation_length": 0.00149051,
      "num_date_confidence": [
        2012.7262894974936,
        2012.988390199719
      ],
      "numdate": 2012.8586369189309
    },
    "NODE_0000029": {
      "branch_length": 0.0012814202620868905,
      "clock_length": 0.0012814202620868905,
      "date": "2004-04-03",
      "mutation_length": 0.00268263,
      "num_date_confidence": [
        2002.6016527908153,
        2005.7565735573016
      ],
      "numdate": 2004.2547645132022
    },
    "NODE_0000030": {
      "branch_length": 0.0010528143872423354,
      "clock_length": 0.0010528143872423354,
      "date": "2006-12-13",
      "mutation_length": 0.00102418,
      "num_date_confidence": [
        2005.654950981396,
        2008.1363438469248
      ],
      "numdate": 2006.9506754657007
    },
    "NODE_0000031": {
      "branch_length": 0.002824315682540138,
      "clock_length": 0.002824315682540138,
      "date": "2014-03-08",
      "mutation_length": 0.00270438,
      "num_date_confidence": [
        2013.5016614973654,
        2015.1515985629112
      ],
      "numdate": 2014.1828178776377
    },
    "NODE_0000032": {
      "branch_length": 0.0014821214658868773,
      "clock_length": 0.0014821214658868773,
      "date": "2017-12-23",
      "mutation_length": 0.00236879,
      "num_date_confidence": [
        2017.7659791897763,
        2018.2451955896959
      ],
      "numdate": 2017.978042887132
    },
    "NODE_0000033": {
      "branch_length": 0.00021462309881179354,
      "clock_length": 0.00021462309881179354,
      "date": "2011-10-24",
      "mutation_length": 0.0,
      "num_date_confidence": [
        2011.360290816934,
        2012.1862192081144
      ],
      "numdate": 2011.8126919165911
    },
    "NODE_0000034": {
      "branch_length": 0.0012109937986102214,
      "clock_length": 0.0012109937986102214,
      "date": "2017-04-14",
      "mutation_length": 0.0003185,
      "num_date_confidence": [
        2016.6299745825374,
        2017.607758054661
      ],
      "numdate": 2017.2837742139511
    },
    "NODE_0000035": {
      "branch_length": 0.000476316551443225,
      "clock_length": 0.000476316551443225,
      "date": "2018-07-03",
      "mutation_length": 0.00055135,
      "num_date_confidence": [
        2018.4056417667339,
        2018.5109589041097
      ],
      "numdate": 2018.5034640505003
    },
    "NODE_0000036": {
      "branch_length": 0.0002632519304888027,
      "clock_length": 0.0002632519304888027,
      "date": "2017-12-16",
      "mutation_length": 7.158e-05,
      "num_date_confidence": [
        2017.8012395395356,
        2018.2425371142585
      ],
      "numdate": 2017.9578757187094
    },
    "NODE_0000037": {
      "branch_length": 0.001684104626509664,
      "clock_length": 0.001684104626509664,
      "date": "2011-04-07",
      "mutation_length": 0.00181701,
      "num_date_confidence": [
        2010.7310503086821,
        2011.7132870661565
      ],
      "numdate": 2011.2631128362166
    },
    "NODE_0000038": {
      "branch_length": 0.00014310133710933532,
      "clock_length": 0.00014310133710933532,
      "date": "2013-03-24",
      "mutation_length": 0.0,
      "num_date_confidence": [
        2013.0145410438724,
        2013.2671232876712
      ],
      "numdate": 2013.2258852846983
    },
    "NODE_0000039": {
      "branch_length": 0.0006234058321016593,
      "clock_length": 0.0006234058321016593,
      "date": "2012-11-10",
      "mutation_length": 0.00136305,
      "num_date_confidence": [
        2012.7019177191828,
        2013.0414975792683
      ],
      "numdate": 2012.8594498838288
    },
    "NODE_0000040": {
      "branch_length": 1.6554772397701142e-05,
      "clock_length": 1.6554772397701142e-05,
      "date": "2013-04-08",
      "mutation_length": 0.0,
      "num_date_confidence": [
        2013.1541608209704,
        2013.3304364511978
      ],
      "numdate": 2013.2682766052994
    },
    "NODE_0000041": {
      "branch_length": 2.6297732501443828e-05,
      "clock_length": 2.6297732501443828e-05,
      "date": "2013-05-03",
      "mutation_length": 0.0,
      "num_date_confidence": [
        2013.253401251428,
        2013.335616438356
      ],
      "numdate": 2013.335616438356
    },
    "NODE_0000043": {
      "branch_length": 0.0020996905390506457,
      "clock_length": 0.0020996905390506457,
      "date": "2000-12-22",
      "mutation_length": 0.00340718,
      "num_date_confidence": [
        1999.139319228259,
        2003.706974152394
      ],
      "numdate": 2000.9734691954566
    },
    "NODE_0000044": {
      "branch_length": 0.005029426202405374,
      "clock_length": 0.005029426202405374,
      "date": "2013-11-08",
      "mutation_length": 0.00146877,
      "num_date_confidence": [
        2012.9782921056021,
        2014.8898622944432
      ],
      "numdate": 2013.8521735028344
    },
    "NODE_0000045": {
      "branch_length": 0.0964681375178719,
      "clock_length": 0.0964681375178719,
      "date": "1995-08-06",
      "mutation_length": 0.09708727590159559,
      "num_date_confidence": [
        1993.0322607397263,
        1998.903747582297
      ],
      "numdate": 1995.5968531559372
    },
    "NODE_0000046": {
      "branch_length": 0.0006529421894904746,
      "clock_length": 0.0006529421894904746,
      "date": "2010-06-08",
      "mutation_length": 0.0,
      "num_date_confidence": [
        2009.5142714908452,
        2011.7534775652343
      ],
      "numdate": 2010.4333932806514
    },
    "NODE_0000047": {
      "branch_length": 0.000181514350793928,
      "clock_length": 0.000181514350793928,
      "date": "2010-11-24",
      "mutation_length": 0.0,
      "num_date_confidence": [
        2010.039954400079,
        2011.8391401622712
      ],
      "numdate": 2010.8981917601086
    },
    "NODE_0000048": {
      "branch_length": 0.09514498237142241,
      "clock_length": 0.09514498237142241,
      "date": "1992-03-17",
      "mutation_length": 0.09711047389405338,
      "num_date_confidence": [
        1988.5523113286097,
        1995.206940866265
      ],
      "numdate": 1992.208688542694
    },
    "NODE_0000049": {
      "branch_length": 0.001735671475688932,
      "clock_length": 0.001735671475688932,
      "date": "1996-08-27",
      "mutation_length": 0.00203833,
      "num_date_confidence": [
        1992.9187873237615,
        1998.4685826039142
      ],
      "numdate": 1996.6531716329234
    },
    "NODE_0000053": {
      "branch_length": 0.005763912432511829,
      "clock_length": 0.005763912432511829,
      "date": "2011-05-31",
      "mutation_length": 0.01391126,
      "num_date_confidence": [
        2010.4305925309955,
        2012.006878966734
      ],
      "numdate": 2011.4126533082758
    },
    "NODE_0000054": {
      "branch_length": 0.00073070028764509,
      "clock_length": 0.00073070028764509,
      "date": "2011-12-15",
      "mutation_length": 0.0,
      "num_date_confidence": [
        2011.699857042925,
        2012.1671523493744
      ],
      "numdate": 2011.953719603912
    },
    "NODE_0000055": {
      "branch_length": 2.4271960852027038e-05,
      "clock_length": 2.4271960852027038e-05,
      "date": "2012-01-06",
      "mutation_length": 0.0,
      "num_date_confidence": [
        2011.880250872027,
        2012.2899462534344
      ],
      "numdate": 2012.015872102864
    },
    "NODE_0000056": {
      "branch_length": 0.0006751183381562614,
      "clock_length": 0.0006751183381562614,
      "date": "2013-02-21",
      "mutation_length": 0.00229698,
      "num_date_confidence": [
        2012.6311042767622,
        2013.506470237502
      ],
      "numdate": 2013.1414090548944
    },
    "NODE_0000057": {
      "branch_length": 0.004701752612456208,
      "clock_length": 0.004701752612456208,
      "date": "2007-08-21",
      "mutation_length": 0.00186538,
      "num_date_confidence": [
        2006.8167521200116,
        2008.8777235208474
      ],
      "numdate": 2007.63649330282
    },
    "NODE_0000058": {
      "branch_length": 0.00170503605642422,
      "clock_length": 0.00170503605642422,
      "date": "2012-01-01",
      "mutation_length": 0.00077116,
      "num_date_confidence": [
        2011.8172362525606,
        2012.3349665056924
      ],
      "numdate": 2012.0025291725985
    },
    "NODE_0000059": {
      "branch_length": 9.23278055288898e-05,
      "clock_length": 9.23278055288898e-05,
      "date": "2007-11-15",
      "mutation_length": 6.082e-05,
      "num_date_confidence": [
        2007.039896548218,
        2009.0343272651821
      ],
      "numdate": 2007.872914409106
    },
    "NODE_0000060": {
      "branch_length": 1.906124388137984e-05,
      "clock_length": 1.906124388137984e-05,
      "date": "2012-01-01",
      "mutation_length": 0.0,
      "num_date_confidence": [
        2011.863563374073,
        2012.2889668146338
      ],
      "numdate": 2012.0025291725985
    },
    "NODE_0000061": {
      "branch_length": 0.00036900319389515266,
      "clock_length": 0.00036900319389515266,
      "date": "2011-11-04",
      "mutation_length": 0.0,
      "num_date_confidence": [
        2010.984656306538,
        2012.9074634352473
      ],
      "numdate": 2011.8430874264136
    },
    "NODE_0000062": {
      "branch_length": 0.000553746698629913,
      "clock_length": 0.000553746698629913,
      "date": "2010-04-02",
      "mutation_length": 0.00055679,
      "num_date_confidence": [
        2009.8444188998228,
        2010.9856828161614
      ],
      "numdate": 2010.2510351467984
    },
    "NODE_0000063": {
      "branch_length": 0.0018638808760666039,
      "clock_length": 0.0018638808760666039,
      "date": "2015-01-09",
      "mutation_length": 0.00099874,
      "num_date_confidence": [
        2014.6925529713496,
        2015.4587133329035
      ],
      "numdate": 2015.0238202918626
    },
    "NODE_0000064": {
      "branch_length": 0.00014266686017284404,
      "clock_length": 0.00014266686017284404,
      "date": "2010-08-13",
      "mutation_length": 0.0002006,
      "num_date_confidence": [
        2010.2772496789585,
        2011.2136571013016
      ],
      "numdate": 2010.6163579953072
    },
    "NODE_0000065": {
      "branch_length": 0.00011008636010084857,
      "clock_length": 0.00011008636010084857,
      "date": "2010-11-24",
      "mutation_length": 0.00020063,
      "num_date_confidence": [
        2010.5021144275443,
        2011.3002052277236
      ],
      "numdate": 2010.8982529119353
    },
    "NODE_0000066": {
      "branch_length": 0.001991511631630527,
      "clock_length": 0.001991511631630527,
      "date": "2015-12-31",
      "mutation_length": 0.00032851,
      "num_date_confidence": [
        2015.8423634855244,
        2016.1426973299294
      ],
      "numdate": 2015.9978583930151
    },
    "NODE_0000067": {
      "branch_length": 5.738038962447775e-05,
      "clock_length": 5.738038962447775e-05,
      "date": "2011-12-28",
      "mutation_length": 0.0,
      "num_date_confidence": [
        2011.274346323079,
        2012.8946218074452
      ],
      "numdate": 2011.9900197088004
    },
    "NODE_0000068": {
      "branch_length": 4.626386388775425e-05,
      "clock_length": 4.626386388775425e-05,
      "date": "2012-02-09",
      "mutation_length": 0.0,
      "num_date_confidence": [
        2011.5067697312334,
        2012.9089768531862
      ],
      "numdate": 2012.1084862294629
    },
    "NODE_0000069": {
      "branch_length": 6.674653902220416e-05,
      "clock_length": 6.674653902220416e-05,
      "date": "2016-03-02",
      "mutation_length": 7.259e-05,
      "num_date_confidence": [
        2015.9766714213856,
        2016.461502029368
      ],
      "numdate": 2016.1687742997237
    },
    "NODE_0000070": {
      "branch_length": 0.00016999654149123505,
      "clock_length": 0.00016999654149123505,
      "date": "2011-05-02",
      "mutation_length": 0.00057465,
      "num_date_confidence": [
        2010.9917856998065,
        2011.621911225782
      ],
      "numdate": 2011.3335580745988
    },
    "NODE_0000071": {
      "branch_length": 4.626386388775425e-05,
      "clock_length": 4.626386388775425e-05,
      "date": "2012-02-09",
      "mutation_length": 0.0,
      "num_date_confidence": [
        2011.5067697312334,
        2012.9089768531862
      ],
      "numdate": 2012.1084862294629
    },
    "NODE_0000072": {
      "branch_length": 0.00017363653591907563,
      "clock_length": 0.00017363653591907563,
      "date": "2011-10-12",
      "mutation_length": 0.00090786,
      "num_date_confidence": [
        2011.5773252778808,
        2011.9897070206296
      ],
      "numdate": 2011.778184064337
    },
    "NODE_0000073": {
      "branch_length": 0.00013831829576712446,
      "clock_length": 0.00013831829576712446,
      "date": "2012-03-13",
      "mutation_length": 0.0,
      "num_date_confidence": [
        2011.6441452550864,
        2012.9308339914721
      ],
      "numdate": 2012.1972750334678
    },
    "NODE_0000074": {
      "branch_length": 0.00020310661429316082,
      "clock_length": 0.00020310661429316082,
      "date": "2012-09-19",
      "mutation_length": 0.0,
      "num_date_confidence": [
        2012.2299388675979,
        2012.988390199719
      ],
      "numdate": 2012.7173641893844
    },
    "NODE_0000075": {
      "branch_length": 2.5773493926952058e-05,
      "clock_length": 2.5773493926952058e-05,
      "date": "2012-04-06",
      "mutation_length": 0.0,
      "num_date_confidence": [
        2011.7725490690839,
        2012.9614971204442
      ],
      "numdate": 2012.2632724641676
    },
    "NODE_0000076": {
      "branch_length": 1.2887046735536069e-05,
      "clock_length": 1.2887046735536069e-05,
      "date": "2012-04-18",
      "mutation_length": 0.0,
      "num_date_confidence": [
        2011.85750172465,
        2012.988390199719
      ],
      "numdate": 2012.296271947135
    },
    "NODE_0000077": {
      "branch_length": 0.0005760036702500857,
      "clock_length": 0.0005760036702500857,
      "date": "2009-05-07",
      "mutation_length": 0.00088612,
      "num_date_confidence": [
        2008.2504806472139,
        2009.8971395730775
      ],
      "numdate": 2009.3478701298136
    },
    "NODE_0000078": {
      "branch_length": 1.0221395656187862e-05,
      "clock_length": 1.0221395656187862e-05,
      "date": "2009-05-17",
      "mutation_length": 7.365e-05,
      "num_date_confidence": [
        2008.429759444835,
        2010.0330290130614
      ],
      "numdate": 2009.3740437581696
    },
    "NODE_0000079": {
      "branch_length": 0.0010264831849890565,
      "clock_length": 0.0010264831849890565,
      "date": "2012-01-01",
      "mutation_length": 0.00075628,
      "num_date_confidence": [
        2011.8364027420562,
        2012.461023243384
      ],
      "numdate": 2012.0025291725985
    },
    "NODE_0000080": {
      "branch_length": 0.0005769887539626905,
      "clock_length": 0.0005769887539626905,
      "date": "2010-11-07",
      "mutation_length": 0.00138918,
      "num_date_confidence": [
        2010.1132532624345,
        2011.529515075023
      ],
      "numdate": 2010.8515219538758
    },
    "NODE_0000081": {
      "branch_length": 0.0019584603482507516,
      "clock_length": 0.0019584603482507516,
      "date": "2015-11-13",
      "mutation_length": 0.00180854,
      "num_date_confidence": [
        2015.6694694350736,
        2015.975797037277
      ],
      "numdate": 2015.8664939820533
    },
    "NODE_0000082": {
      "branch_length": 1.2887046735536069e-05,
      "clock_length": 1.2887046735536069e-05,
      "date": "2012-04-18",
      "mutation_length": 0.0,
      "num_date_confidence": [
        2011.85750172465,
        2012.988390199719
      ],
      "numdate": 2012.296271947135
    },
    "NODE_0000083": {
      "branch_length": 0.00037496340024093834,
      "clock_length": 0.00037496340024093834,
      "date": "2008-10-31",
      "mutation_length": 0.0,
      "num_date_confidence": [
        2008.2457499045167,
        2010.0276203723324
      ],
      "numdate": 2008.8330722011583
    },
    "NODE_0000084": {
      "branch_length": 0.001627373704819685,
      "clock_length": 0.001627373704819685,
      "date": "2015-01-07",
      "mutation_length": 0.00402674,
      "num_date_confidence": [
        2014.9339111898416,
        2015.0424657534247
      ],
      "numdate": 2015.0186901155143
    },
    "NODE_0000086": {
      "branch_length": 0.0007600421393027788,
      "clock_length": 0.0007600421393027788,
      "date": "2010-10-12",
      "mutation_length": 0.0,
      "num_date_confidence": [
        2009.7705964901813,
        2011.6420651693227
      ],
      "numdate": 2010.7792898369885
    },
    "NODE_0000087": {
      "branch_length": 0.00040360767783483454,
      "clock_length": 0.00040360767783483454,
      "date": "2010-05-20",
      "mutation_length": 0.00066478,
      "num_date_confidence": [
        2010.0102892730076,
        2011.0435580219441
      ],
      "numdate": 2010.3813764841839
    },
    "NODE_0000088": {
      "branch_length": 9.503564346639588e-05,
      "clock_length": 9.503564346639588e-05,
      "date": "2011-01-09",
      "mutation_length": 0.0,
      "num_date_confidence": [
        2010.4458893655922,
        2011.8564255794433
      ],
      "numdate": 2011.0226448245376
    },
    "NODE_0000089": {
      "branch_length": 0.00036785241298024777,
      "clock_length": 0.00036785241298024777,
      "date": "2011-12-19",
      "mutation_length": 0.0,
      "num_date_confidence": [
        2011.785546531382,
        2012.00956284153
      ],
      "numdate": 2011.9645937198732
    },
    "NODE_0000090": {
      "branch_length": 0.0006350523879773747,
      "clock_length": 0.0006350523879773747,
      "date": "2012-01-03",
      "mutation_length": 0.00074469,
      "num_date_confidence": [
        2011.9143905787644,
        2012.1794276800608
      ],
      "numdate": 2012.007536526167
    },
    "NODE_0000096": {
      "branch_length": 0.0007818603299947074,
      "clock_length": 0.0007818603299947074,
      "date": "2012-05-20",
      "mutation_length": 0.00128017,
      "num_date_confidence": [
        2012.0886170649574,
        2012.917572774829
      ],
      "numdate": 2012.3834633216159
    },
    "NODE_0000097": {
      "branch_length": 0.0003181295939620947,
      "clock_length": 0.0003181295939620947,
      "date": "2013-03-14",
      "mutation_length": 0.00067802,
      "num_date_confidence": [
        2012.847991502935,
        2013.733003362926
      ],
      "numdate": 2013.1980884512388
    },
    "NODE_0000098": {
      "branch_length": 0.00019218845274705364,
      "clock_length": 0.00019218845274705364,
      "date": "2013-09-09",
      "mutation_length": 0.00047046,
      "num_date_confidence": [
        2013.3367830270872,
        2014.1925327351576
      ],
      "numdate": 2013.6902197908016
    },
    "NODE_0000099": {
      "branch_length": 0.00015242057063021269,
      "clock_length": 0.00015242057063021269,
      "date": "2014-01-30",
      "mutation_length": 0.00037269,
      "num_date_confidence": [
        2013.682883020635,
        2014.5543853403394
      ],
      "numdate": 2014.0805186798816
    },
    "NODE_0000100": {
      "branch_length": 0.001396196131971289,
      "clock_length": 0.001396196131971289,
      "date": "2017-08-28",
      "mutation_length": 0.00460602,
      "num_date_confidence": [
        2017.3697052548287,
        2017.7991988004678
      ],
      "numdate": 2017.6557172045489
    },
    "NODE_0000101": {
      "branch_length": 0.0001060595544946797,
      "clock_length": 0.0001060595544946797,
      "date": "2011-08-09",
      "mutation_length": 0.0,
      "num_date_confidence": [
        2011.3078273953263,
        2011.8328441920974
      ],
      "numdate": 2011.6051416681023
    },
    "NODE_0000102": {
      "branch_length": 0.0006649200534225869,
      "clock_length": 0.0006649200534225869,
      "date": "2015-05-24",
      "mutation_length": 0.00039121,
      "num_date_confidence": [
        2014.4926503637876,
        2015.7825864211131
      ],
      "numdate": 2015.3928610885266
    },
    "NODE_0000103": {
      "branch_length": 0.00017335522139768971,
      "clock_length": 0.00017335522139768971,
      "date": "2012-03-22",
      "mutation_length": 0.0,
      "num_date_confidence": [
        2011.786197511674,
        2012.683997296379
      ],
      "numdate": 2012.222089700223
    },
    "NODE_0000104": {
      "branch_length": 0.001214761024776995,
      "clock_length": 0.001214761024776995,
      "date": "2018-07-03",
      "mutation_length": 0.00194052,
      "num_date_confidence": [
        2018.410069985525,
        2018.5109589041097
      ],
      "numdate": 2018.5034640505003
    },
    "NODE_0000105": {
      "branch_length": 2.134266137438054e-05,
      "clock_length": 2.134266137438054e-05,
      "date": "2015-12-03",
      "mutation_length": 0.0,
      "num_date_confidence": [
        2015.78670785865,
        2015.9883864569315
      ],
      "numdate": 2015.9211455096652
    },
    "NODE_0000110": {
      "branch_length": 5.853820730252531e-06,
      "clock_length": 5.853820730252531e-06,
      "date": "2015-01-13",
      "mutation_length": 0.0,
      "num_date_confidence": [
        2014.9771237100185,
        2015.0531876958191
      ],
      "numdate": 2015.0336798227333
    },
    "NODE_0000111": {
      "branch_length": 9.850656263356208e-06,
      "clock_length": 9.850656263356208e-06,
      "date": "2015-01-22",
      "mutation_length": 0.0,
      "num_date_confidence": [
        2015.0154133749659,
        2015.058904109589
      ],
      "numdate": 2015.058904109589
    },
    "NODE_0000112": {
      "branch_length": 0.00017493007442347195,
      "clock_length": 0.00017493007442347195,
      "date": "2012-10-31",
      "mutation_length": 0.0,
      "num_date_confidence": [
        2012.482572491457,
        2013.232850354738
      ],
      "numdate": 2012.8314016374995
    },
    "NODE_0000115": {
      "branch_length": 0.0001917450496752575,
      "clock_length": 0.0001917450496752575,
      "date": "2013-04-28",
      "mutation_length": 0.0,
      "num_date_confidence": [
        2012.931398113936,
        2013.6524334850017
      ],
      "numdate": 2013.3223975678088
    },
    "NODE_0000116": {
      "branch_length": 0.00013814614970753848,
      "clock_length": 0.00013814614970753848,
      "date": "2013-09-04",
      "mutation_length": 0.0,
      "num_date_confidence": [
        2013.3477566555446,
        2013.8800752127229
      ],
      "numdate": 2013.6761443654923
    },
    "NODE_0000117": {
      "branch_length": 0.00010239965608718673,
      "clock_length": 0.00010239965608718673,
      "date": "2013-12-09",
      "mutation_length": 0.0,
      "num_date_confidence": [
        2013.7499703269937,
        2013.9383561643835
      ],
      "numdate": 2013.9383561643835
    },
    "NODE_0000118": {
      "branch_length": 1.4093633346158683e-05,
      "clock_length": 1.4093633346158683e-05,
      "date": "2013-12-22",
      "mutation_length": 0.0,
      "num_date_confidence": [
        2013.8570654004636,
        2014.0508290640432
      ],
      "numdate": 2013.9744453183303
    },
    "NODE_0000119": {
      "branch_length": 3.1913148877582304e-05,
      "clock_length": 3.1913148877582304e-05,
      "date": "2014-01-21",
      "mutation_length": 0.0,
      "num_date_confidence": [
        2013.970392326288,
        2014.0561643835617
      ],
      "numdate": 2014.0561643835617
    },
    "NODE_0000126": {
      "branch_length": 1.9381723798710484e-05,
      "clock_length": 1.9381723798710484e-05,
      "date": "2018-07-21",
      "mutation_length": 0.0,
      "num_date_confidence": [
        2018.4816610771036,
        2018.5821917808219
      ],
      "numdate": 2018.5530942627204
    },
    "SH_7": {
      "branch_length": 0.007729489616990181,
      "clock_length": 0.007729489616990181,
      "date": "2012-01-01",
      "mutation_length": 0.00538859,
      "num_date_confidence": [
        2012.0013661202186,
        2012.5889468376895
      ],
      "numdate": 2012.0013661202186,
      "raw_date": "2012-XX-XX"
    }
  }
}