{"G5016.1": {"virus": "ebola", "date": "2014-08-16", "region": "subsaharan_africa", "country": "sierra_leone", "aa_muts": [], "nt_muts": ["A9970G", "A11106G", "T17973C"]}, "EM_080193": {"virus": "ebola", "date": "2014-06-29", "region": "subsaharan_africa", "country": "liberia", "aa_muts": [], "nt_muts": ["T13632C", "G18015T", "T18477C"]}, "EM_074351": {"virus": "ebola", "date": "2014-07-22", "region": "subsaharan_africa", "country": "liberia", "aa_muts": [], "nt_muts": []}, "LIBR10253": {"virus": "ebola", "date": "2014-09-16", "region": "subsaharan_africa", "country": "liberia", "aa_muts": [{"GP": ["V524A"]}], "nt_muts": ["T7609C", "C11300T", "T14484C", "A15699G", "G18247A"]}, "G3848": {"virus": "ebola", "date": "2014-06-18", "region": "subsaharan_africa", "country": "sierra_leone", "aa_muts": [], "nt_muts": []}, "EM_000027": {"virus": "ebola", "date": "2014-09-01", "region": "subsaharan_africa", "country": "guinea", "aa_muts": [{"GP": ["*430Q"]}, {"L": ["E1245Q"]}], "nt_muts": ["T7326C", "A8151G", "G8384A", "G15313C"]}, "LIBR10047": {"virus": "ebola", "date": "2014-10-01", "region": "subsaharan_africa", "country": "liberia", "aa_muts": [], "nt_muts": ["T15060C"]}, "G4350.1": {"virus": "ebola", "date": "2014-07-14", "region": "subsaharan_africa", "country": "sierra_leone", "aa_muts": [], "nt_muts": ["A3176G", "A13455G"]}, "J0165": {"virus": "ebola", "date": "2014-11-08", "region": "subsaharan_africa", "country": "sierra_leone", "aa_muts": [{"GP": ["V438A", "*479Q"]}], "nt_muts": ["T7325C", "T7351C", "T7473C", "T12144C"]}, "G3926.2": {"virus": "ebola", "date": "2014-06-22", "region": "subsaharan_africa", "country": "sierra_leone", "aa_muts": [{"L": ["I1187V"]}], "nt_muts": ["A15139G"]}, "EM_080223": {"virus": "ebola", "date": "2014-07-04", "region": "subsaharan_africa", "country": "liberia", "aa_muts": [{"GP": ["L298Q", "S493P", "R638W"]}, {"L": ["L1416P"]}, {"NP": ["I232V"]}, {"VP24": ["N28I"]}, {"VP40": ["F125L"]}, {"sGP": ["L298Q"]}], "nt_muts": ["A1163G", "C3260T", "A4306G", "A4421T", "T4851C", "T6931A", "T7515C", "A7950T", "C8577T", "G10072T", "G10395A", "A10427T", "A15192G", "T15827C"]}, "G4345.1": {"virus": "ebola", "date": "2014-07-18", "region": "subsaharan_africa", "country": "sierra_leone", "aa_muts": [], "nt_muts": ["A10890G"]}, "LIBR10218": {"virus": "ebola", "date": "2014-09-29", "region": "subsaharan_africa", "country": "liberia", "aa_muts": [], "nt_muts": []}, "G3807": {"virus": "ebola", "date": "2014-06-15", "region": "subsaharan_africa", "country": "sierra_leone", "aa_muts": [], "nt_muts": []}, "LIBR10224": {"virus": "ebola", "date": "2014-09-26", "region": "subsaharan_africa", "country": "liberia", "aa_muts": [{"L": ["T562A"]}, {"NP": ["V530I"]}, {"VP30": ["T287S"]}, {"VP40": ["G226R"]}], "nt_muts": ["G2057A", "G5154A", "A9367T", "A13264G", "C17844T"]}, "13031_EMLH": {"virus": "ebola", "date": "2015-05-18", "region": "subsaharan_africa", "country": "sierra_leone", "aa_muts": [], "nt_muts": ["T5661A"]}, "G5996.1": {"virus": "ebola", "date": "2014-09-25", "region": "subsaharan_africa", "country": "sierra_leone", "aa_muts": [{"L": ["V1174A", "N1739K"]}], "nt_muts": ["C258T", "T1202C", "T3008C", "T3011C", "T5276C", "A11118G", "C13434T", "T15101C", "T16797G"]}, "DML24708": {"virus": "ebola", "date": "2015-01-28", "region": "subsaharan_africa", "country": "sierra_leone", "aa_muts": [{"L": ["D617G", "R1657I"]}, {"NP": ["V458I"]}], "nt_muts": ["G1841A", "G9790A", "A13430G", "G16550T", "A18807G"]}, "15686_EMLK": {"virus": "ebola", "date": "2015-06-30", "region": "subsaharan_africa", "country": "sierra_leone", "aa_muts": [{"L": ["D617N"]}, {"NP": ["N566S"]}, {"VP30": ["E33G"]}], "nt_muts": ["T323C", "A2166G", "A3029T", "A8606G", "A11576G", "G13429A"]}, "EM_COY_2015_016617": {"virus": "ebola", "date": "2015-05-16", "region": "subsaharan_africa", "country": "guinea", "aa_muts": [{"L": ["P1151L"]}, {"NP": ["N378S", "D589E", "R635K"]}, {"VP40": ["I182F"]}], "nt_muts": ["G96A", "A347G", "A1602G", "T2236G", "G2373A", "G3003A", "A5022T", "G8410A", "A8432G", "A8507G", "A8508G", "T13776C", "A14364G", "C15032T", "A16473G", "A16761G", "A18195G"]}, "Makona-UK3": {"virus": "ebola", "date": "2015-03-12", "region": "subsaharan_africa", "country": "sierra_leone", "aa_muts": [], "nt_muts": ["T41A", "C5855T"]}, "EM_000968": {"virus": "ebola", "date": "2014-10-01", "region": "subsaharan_africa", "country": "guinea", "aa_muts": [], "nt_muts": ["T1822C", "A9312G", "T15675C"]}, "490_EMLH": {"virus": "ebola", "date": "2015-01-30", "region": "subsaharan_africa", "country": "sierra_leone", "aa_muts": [{"L": ["Q978K"]}], "nt_muts": ["T4112C", "T4186C", "T4221C", "T4227C", "A5726G", "A7148G", "T8398C", "C14512A", "A17445G", "C18162T", "T18313C"]}, "PL4696": {"virus": "ebola", "date": "2015-03-13", "region": "subsaharan_africa", "country": "sierra_leone", "aa_muts": [{"NP": ["A540V"]}], "nt_muts": ["C2088T", "T4434C", "G7352A", "A11254T", "A13968G"]}, "MK2788": {"virus": "ebola", "date": "2015-03-07", "region": "subsaharan_africa", "country": "sierra_leone", "aa_muts": [], "nt_muts": ["T115C"]}, "LIBR10110": {"virus": "ebola", "date": "2014-08-20", "region": "subsaharan_africa", "country": "liberia", "aa_muts": [], "nt_muts": []}, "J0102": {"virus": "ebola", "date": "2014-10-27", "region": "subsaharan_africa", "country": "sierra_leone", "aa_muts": [{"VP35": ["R225K"]}], "nt_muts": ["G212A", "C2722T", "G3802A", "G4171A", "C5620T", "A15066G", "G15456A"]}, "EM_COY_2015_017574": {"virus": "ebola", "date": "2015-06-10", "region": "subsaharan_africa", "country": "guinea", "aa_muts": [{"GP": ["V82A", "N107D", "R321K", "A480T", "E580G"]}, {"L": ["G759D"]}, {"NP": ["V498M"]}, {"VP35": ["L330F", "G333S"]}, {"sGP": ["V82A", "N107D", "R321K"]}], "nt_muts": ["T73C", "C1849T", "G1961A", "C4116T", "G4125A", "C5312T", "T6283C", "A6357G", "G7000A", "C7025T", "G7476A", "A7777G", "C8263T", "G8328A", "T9577C", "A10048G", "A10087T", "C10173T", "A11363G", "G13856A", "T14943C", "C15660T", "A16890G", "A17850C", "T18374C"]}, "18636_EMLH": {"virus": "ebola", "date": "2015-07-08", "region": "subsaharan_africa", "country": "sierra_leone", "aa_muts": [{"GP": ["*573R"]}, {"L": ["I348V"]}, {"VP40": ["L186M"]}], "nt_muts": ["G411A", "G2771T", "C5034A", "A5544G", "T7755C", "A12622G", "G17775A", "A18478G"]}, "V768": {"virus": "ebola", "date": "2014-08-27", "region": "subsaharan_africa", "country": "guinea", "aa_muts": [], "nt_muts": ["C10315T", "C14253T"]}}