strain	virus	assension	date	region	country
KNIH_2K70198	seasonal_corona	JN234450	2007-01-XX	?	south_korea
HKU1/HTBEC_lab/BRA/HKU1_21/2006	seasonal_corona	KF430198	2006-XX-XX	?	brazil
12MYKL0181	seasonal_corona	KR055533	2012-XX-XX	?	malaysia
HKU1/human/USA/HKU1_1/2005	seasonal_corona	KF686338	2005-02-18	?	usa
12MYKL1061	seasonal_corona	KR055545	2012-XX-XX	?	malaysia
N08_87	seasonal_corona	KY674921	2016-XX-XX	?	usa
N09_1663B	seasonal_corona	KY674941	2016-XX-XX	?	usa
KNIH_2K72142	seasonal_corona	JN234455	2007-02-XX	?	south_korea
KNIH_2K73164	seasonal_corona	JN234457	2007-04-XX	?	south_korea
HKU1/human/USA/1102/2005	seasonal_corona	KF850450	2005-04-09	?	usa
KNHI_2K85305	seasonal_corona	JN234496	2008-05-XX	?	south_korea
KNHI_2K70536	seasonal_corona	JN234480	2007-01-XX	?	south_korea
KNHI_2K73103	seasonal_corona	JN234487	2007-03-XX	?	south_korea
HKU1/SLO/39999/2013	seasonal_corona	KX059694	2013-12-20	?	slovenia
HKU1/SLO/63860/2016	seasonal_corona	KX059665	2016-02-28	?	slovenia
CU_H2238/2010	seasonal_corona	JX513213	2010-08-26	?	thailand
PREDICT_13QY028	seasonal_corona	KX898512	2013-XX-XX	?	china
PUMCH2970	seasonal_corona	HM130742	2006-07-29	?	china
PUMCH1946	seasonal_corona	HM130738	2006-03-28	?	china
V37113	seasonal_corona	FJ656146	2006-02-XX	?	sweden
V10633	seasonal_corona	FJ656137	2004-02-XX	?	sweden
13MYKL1997	seasonal_corona	KR055553	2013-XX-XX	?	malaysia
KNIH_2K85305	seasonal_corona	JN234464	2008-05-XX	?	south_korea
KNHI_2K82882	seasonal_corona	JN234491	2008-03-XX	?	south_korea
12MYKL0323	seasonal_corona	KR055534	2012-XX-XX	?	malaysia
QPID04_0043	seasonal_corona	JQ732201	2004-07-20	?	australia
12MYKL0841	seasonal_corona	KR055543	2012-XX-XX	?	malaysia
hCoV/HKU1/VFC131/BRA/2007	seasonal_corona	JN251792	2007-XX-XX	?	brazil
HKU1/SLO/61443/2015	seasonal_corona	KX059666	2015-12-31	?	slovenia
BJET2	seasonal_corona	KP113659	2010-09-XX	?	china
LZ437	seasonal_corona	FJ937650	?	?	china
V10701	seasonal_corona	FJ656142	2004-03-XX	?	sweden
KNHI_2K83058	seasonal_corona	JN234492	2008-04-XX	?	south_korea
KNHI_2K85295	seasonal_corona	JN234495	2008-05-XX	?	south_korea
V37019	seasonal_corona	FJ656143	2006-01-XX	?	sweden
HKU1/SLO/60867/2015	seasonal_corona	KX059679	2015-12-21	?	slovenia
HKU1/SLO/62985/2016	seasonal_corona	KX059692	2016-02-10	?	slovenia
CU_H2809/2010	seasonal_corona	JX513214	2010-12-09	?	thailand
QPID04_0044	seasonal_corona	JQ732202	2004-07-16	?	australia
HKU1/SLO/61456/2016	seasonal_corona	KX059681	2016-01-08	?	slovenia
HKU1/human/USA/HKU1_15/2009	seasonal_corona	KF686344	2009-12-28	?	usa
LZ447	seasonal_corona	FJ937655	?	?	china
KNHI_2K71411	seasonal_corona	JN234482	2007-01-XX	?	south_korea
HKU1/SLO/60004/2015	seasonal_corona	KX059672	2015-11-17	?	slovenia
HKU1/SLO/60781/2015	seasonal_corona	KX059678	2015-12-17	?	slovenia
HKU1/human/USA/HKU1_4/2005	seasonal_corona	KF430196	2005-04-19	?	usa
HKU1/SLO/20580/2010	seasonal_corona	KX059667	2010-04-04	?	slovenia
KNIH_2K71038	seasonal_corona	JN234467	2007-01-XX	?	south_korea
BRA37	seasonal_corona	GU904424	1995-04-25	?	brazil
HKU1/SLO/62556/2016	seasonal_corona	KX059686	2016-02-01	?	slovenia
China/Beijing/2009/s45	seasonal_corona	KR607992	2009-XX-XX	?	china
HKU1/SLO/62213/2016	seasonal_corona	KX059664	2016-01-25	?	slovenia
LZ439	seasonal_corona	FJ937651	?	?	china
KNIH_2K73103	seasonal_corona	JN234456	2007-03-XX	?	south_korea
China/Beijing/2009/s44	seasonal_corona	KR607991	2009-XX-XX	?	china
HKU1/SLO/42161/2014	seasonal_corona	KX059691	2014-02-16	?	slovenia
HKU1/SLO/60558/2015	seasonal_corona	KX059675	2015-12-07	?	slovenia
LZ134	seasonal_corona	FJ937644	?	?	china
V37130	seasonal_corona	FJ656127	2006-02-XX	?	sweden
PUMCH6767	seasonal_corona	HM130747	2008-02-27	?	china
QPID04_0041	seasonal_corona	JQ732198	2004-07-20	?	australia
KNHI_2K80535	seasonal_corona	JN234490	2008-03-XX	?	south_korea
SC2628	seasonal_corona	KY983584	2015-XX-XX	?	usa
BJET3	seasonal_corona	KP113660	2010-09-XX	?	china
HKU1/SLO/60422/2015	seasonal_corona	KX059673	2015-12-02	?	slovenia
BJ01_p9	seasonal_corona	KT779556	2009-04-23	?	china
KNHI_2K84566	seasonal_corona	JN234493	2008-04-XX	?	south_korea
KNHI_2K71415	seasonal_corona	JN234483	2007-01-XX	?	south_korea
LZ391	seasonal_corona	FJ937646	?	?	china
LZ393	seasonal_corona	FJ937647	?	?	china
BJ321	seasonal_corona	KM676088	2014-05-XX	?	china
HKU1/human/USA/HKU1_11/2009	seasonal_corona	KF686342	2009-12-13	?	usa
12MYKL0777	seasonal_corona	KR055541	2012-XX-XX	?	malaysia
LZ448	seasonal_corona	FJ937656	?	?	china
Caen1	seasonal_corona	HM034837	2005-03-04	?	france
V110061	seasonal_corona	FJ656152	2006-02-XX	?	sweden
HKU1/human/USA/HKU1_16/2010	seasonal_corona	KF430200	2010-01-08	?	usa
LZ487	seasonal_corona	FJ937659	?	?	china
PUMCH6713	seasonal_corona	HM130746	2008-02-15	?	china
SH_2	seasonal_corona	KC294428	2012-XX-XX	?	china
China/Beijing/2009/s43	seasonal_corona	KR607993	2009-XX-XX	?	china
BJET1	seasonal_corona	KP113658	2010-09-XX	?	china
HKU1	seasonal_corona	AY597011	2010-XX-XX	?	usa
12MYKL0407	seasonal_corona	KR055535	2012-XX-XX	?	malaysia
BJET4	seasonal_corona	KP113661	2010-09-XX	?	china
SC2521	seasonal_corona	MK167038	2017-XX-XX	?	usa
LZ441	seasonal_corona	FJ937652	?	?	china
KNIH_2K85295	seasonal_corona	JN234463	2008-05-XX	?	south_korea
QPID04_0042	seasonal_corona	JQ732199	2004-07-22	?	australia
KNHI_2K73565	seasonal_corona	JN234488	2007-05-XX	?	south_korea
sloHKU1_1	seasonal_corona	KF668032	2011-04-11	?	slovenia
V37289	seasonal_corona	FJ656149	2006-03-XX	?	sweden
12MYKL0790	seasonal_corona	KR055542	2012-XX-XX	?	malaysia
BJ225	seasonal_corona	KM676084	2014-05-XX	?	china
HKU1/HTBEC_lab/BRA/HKU1_23/2006	seasonal_corona	KF430203	2006-XX-XX	?	brazil
V37178	seasonal_corona	FJ656147	2006-02-XX	?	sweden
BJ250	seasonal_corona	KM676086	2014-05-XX	?	china
HCOV/KENYA/010/2009	seasonal_corona	KP112151	2014-07-01	?	kenya
HKU1/SLO/60454/2015	seasonal_corona	KX059674	2015-12-03	?	slovenia
V10648	seasonal_corona	FJ656140	2004-02-XX	?	sweden
V10630	seasonal_corona	FJ656136	2004-02-XX	?	sweden
KNHI_2K72143	seasonal_corona	JN234485	2007-02-XX	?	south_korea
LZ431	seasonal_corona	FJ937649	?	?	china
KNIH_2K80535	seasonal_corona	JN234458	2008-01-XX	?	south_korea
BRA104	seasonal_corona	GU904427	1995-07-24	?	brazil
PUMCH2833	seasonal_corona	HM130740	2006-07-19	?	china
LZ42	seasonal_corona	FJ937642	?	?	china
LZ112	seasonal_corona	FJ937643	?	?	china
PUMCH2446	seasonal_corona	HM130739	2006-05-27	?	china
12MYKL0624	seasonal_corona	KR055538	2012-XX-XX	?	malaysia
HKU1/SLO/63673/2016	seasonal_corona	KX059688	2016-02-20	?	slovenia
PHL07_1518	seasonal_corona	AB514459	2007-XX-XX	?	philippines
HCOV/KENYA/008/2009	seasonal_corona	KP112152	2014-07-01	?	kenya
KNIH_2K71415	seasonal_corona	JN234454	2007-01-XX	?	south_korea
12MYKL0737	seasonal_corona	KR055539	2012-XX-XX	?	malaysia
KNHI_2K70198	seasonal_corona	JN234479	2007-01-XX	?	south_korea
KNHI_2K72142	seasonal_corona	JN234484	2007-02-XX	?	south_korea
V110050	seasonal_corona	FJ656151	2006-01-XX	?	sweden
HKU1/SLO/60770/2015	seasonal_corona	KX059663	2015-12-17	?	slovenia
HKU1/SLO/62637/2016	seasonal_corona	KX059687	2016-02-02	?	slovenia
HKU1/human/USA/HKU1_14/2009	seasonal_corona	KF430199	2009-12-28	?	usa
HKU1/SLO/63615/2016	seasonal_corona	KX059690	2016-02-20	?	slovenia
HKU1/human/USA/HKU1_10/2010	seasonal_corona	KF686341	2010-01-16	?	usa
12MYKL0529	seasonal_corona	KR055537	2012-XX-XX	?	malaysia
KNIH_2K70196	seasonal_corona	JN234449	2007-01-XX	?	south_korea
KNHI_2K71388	seasonal_corona	JN234481	2007-01-XX	?	south_korea
LZ394	seasonal_corona	FJ937648	?	?	china
BJET5	seasonal_corona	KP113662	2010-09-XX	?	china
HKU1/SLO/39995/2013	seasonal_corona	KX059693	2013-12-20	?	slovenia
HKU1/SLO/40019/2013	seasonal_corona	KX059695	2013-12-20	?	slovenia
HKU1/SLO/61833/2016	seasonal_corona	KX059682	2016-01-15	?	slovenia
KNIH_2K71411	seasonal_corona	JN234453	2007-01-XX	?	south_korea
V10650	seasonal_corona	FJ656141	2004-02-XX	?	sweden
LZ451	seasonal_corona	FJ937658	?	?	china
hCoV/HKU1/VFC361/BRA/2007	seasonal_corona	JN251798	2007-XX-XX	?	brazil
V10613	seasonal_corona	FJ656134	2004-01-XX	?	sweden
LZ450	seasonal_corona	FJ937657	?	?	china
HKU1/human/USA/HKU1_18/2010	seasonal_corona	KF430201	2010-01-22	?	usa
12MYKL1058	seasonal_corona	KR055544	2012-XX-XX	?	malaysia
PUMCH3340	seasonal_corona	HM130743	2006-09-01	?	china
12MYKL1217	seasonal_corona	KR055550	2012-XX-XX	?	malaysia
V37107	seasonal_corona	FJ656145	2006-02-XX	?	sweden
PUMCH570	seasonal_corona	HM130737	2005-09-06	?	china
BJ297	seasonal_corona	KM676087	2014-05-XX	?	china
KNHI_2K72583	seasonal_corona	JN234486	2007-02-XX	?	south_korea
HKU1/human/USA/HKU1_5/2009	seasonal_corona	KF686340	2009-11-28	?	usa
HKU1/SLO/40216/2013	seasonal_corona	KX059696	2013-12-31	?	slovenia
V10619	seasonal_corona	FJ656135	2004-02-XX	?	sweden
V37068	seasonal_corona	FJ656144	2006-01-XX	?	sweden
LZ442	seasonal_corona	FJ937653	?	?	china
KNIH_2K85187	seasonal_corona	JN234462	2008-04-XX	?	south_korea
N09_1605B	seasonal_corona	KY674943	2016-XX-XX	?	usa
SH_1	seasonal_corona	KC294427	2012-XX-XX	?	china
12MYKL1132	seasonal_corona	KR055547	2012-XX-XX	?	malaysia
PUMCH6818	seasonal_corona	HM130748	2008-06-04	?	china
KNHI_2K70196	seasonal_corona	JN234478	2007-01-XX	?	south_korea
BRA09	seasonal_corona	GU904423	1995-03-15	?	brazil
HKU1/human/USA/HKU1_3/2009	seasonal_corona	KF686339	2009-10-31	?	usa
HKU1/SLO/42284/2014	seasonal_corona	KX059670	2014-02-18	?	slovenia
hCoV/HKU1/VFC13/BRA/2006	seasonal_corona	JN251785	2006-XX-XX	?	brazil
13MYKL1898	seasonal_corona	KR055552	2013-XX-XX	?	malaysia
HCOV/KENYA/001/2010	seasonal_corona	KP112150	2014-07-01	?	kenya
N09_1627B	seasonal_corona	KY674942	2016-XX-XX	?	usa
HKU1/SLO/62197/2016	seasonal_corona	KX059689	2016-01-23	?	slovenia
HKU1/SLO/60668/2015	seasonal_corona	KX059677	2015-12-13	?	slovenia
KNHI_2K74559	seasonal_corona	JN234489	2008-01-XX	?	south_korea
PHL07_1656	seasonal_corona	AB514460	2007-XX-XX	?	philippines
KNIH_2K82882	seasonal_corona	JN234459	2008-03-XX	?	south_korea
HKU1/SLO/61107/2015	seasonal_corona	KX059680	2015-12-29	?	slovenia
12MYKL1153	seasonal_corona	KR055548	2012-XX-XX	?	malaysia
KNIH_2K71388	seasonal_corona	JN234452	2007-01-XX	?	south_korea
HKU1/SLO/60641/2015	seasonal_corona	KX059676	2015-12-11	?	slovenia
HKU1/human/USA/HKU1_7/2010	seasonal_corona	KF430202	2010-01-03	?	usa
China/Beijing/2009/s41	seasonal_corona	KR607994	2009-XX-XX	?	china
BRA99	seasonal_corona	GU904426	1995-07-12	?	brazil
PUMCH2967	seasonal_corona	HM130741	2006-07-29	?	china
12MYKL1214	seasonal_corona	KR055549	2012-XX-XX	?	malaysia
12MYKL0447	seasonal_corona	KR055536	2012-XX-XX	?	malaysia
SI17244	seasonal_corona	MH940245	2017-06-04	?	thailand
V10640	seasonal_corona	FJ656138	2004-02-XX	?	sweden
CU_H2010/2010	seasonal_corona	JX513212	2010-06-17	?	thailand
HKU1/SLO/62150/2016	seasonal_corona	KX059683	2016-01-23	?	slovenia
BRA169	seasonal_corona	FJ931534	1995-11-08	?	brazil
12MYKL0163	seasonal_corona	KR055532	2012-XX-XX	?	malaysia
LZ387	seasonal_corona	FJ937645	?	?	china
KNIH_2K84559	seasonal_corona	JN234460	2008-04-XX	?	south_korea
HKU1/human/USA/HKU1_12/2010	seasonal_corona	KF686346	2010-01-09	?	usa
HKU1/SLO/40304/2014	seasonal_corona	KX059668	2014-01-03	?	slovenia
HKU1/human/USA/HKU1_13/2010	seasonal_corona	KF686343	2010-01-08	?	usa
KNIH_2K70536	seasonal_corona	JN234451	2007-01-XX	?	south_korea
12MYKL1075	seasonal_corona	KR055546	2012-XX-XX	?	malaysia
BJ01_p3	seasonal_corona	KT779555	2009-04-23	?	china
LZ446	seasonal_corona	FJ937654	?	?	china
HKU1/SLO/62234/2016	seasonal_corona	KX059684	2016-01-26	?	slovenia
QPID04_0040	seasonal_corona	JQ732197	2004-07-20	?	australia
V10645	seasonal_corona	FJ656139	2004-02-XX	?	sweden
PUMCH8393	seasonal_corona	HM130749	2009-04-21	?	china
LZ20	seasonal_corona	FJ937641	?	?	china
SH_3	seasonal_corona	KC294429	2012-XX-XX	?	china
KNIH_2K84566	seasonal_corona	JN234461	2008-04-XX	?	south_korea
12MYKL0759	seasonal_corona	KR055540	2012-XX-XX	?	malaysia
HKU1/human/USA/HKU1_20/2010	seasonal_corona	KF686345	2010-01-30	?	usa
V37261	seasonal_corona	FJ656148	2006-03-XX	?	sweden
China/Beijing/2009/s42	seasonal_corona	KR607990	2009-XX-XX	?	china
QPID04_0022	seasonal_corona	JQ732200	2004-08-02	?	australia
HKU1/SLO/42056/2014	seasonal_corona	KX059669	2014-02-14	?	slovenia
PUMCH4252	seasonal_corona	HM130744	2006-12-19	?	china
HKU1/SLO/62261/2016	seasonal_corona	KX059685	2016-01-26	?	slovenia
HKU1/HTBEC_lab/BRA/HKU1_22/2007	seasonal_corona	KF430197	2007-XX-XX	?	brazil
hCoV/HKU1/VFC381/BRA/2007	seasonal_corona	JN251801	2007-XX-XX	?	brazil
HKU1/SLO/43609/2014	seasonal_corona	KX059671	2014-03-12	?	slovenia
V37300	seasonal_corona	FJ656150	2006-03-XX	?	sweden
PUMCH4949	seasonal_corona	HM130745	2007-03-22	?	china
KNHI_2K85187	seasonal_corona	JN234494	2008-04-XX	?	south_korea
13MYKL1781	seasonal_corona	KR055551	2013-XX-XX	?	malaysia
BRA90	seasonal_corona	GU904425	1995-07-07	?	brazil
BJ226	seasonal_corona	KM676085	2014-05-XX	?	china
