{"Zhejiang.CHN/16.08/2": {"virus": "mumps", "date": "2008-04-18", "region": "china", "country": "china", "aa_muts": [], "nt_muts": []}, "Springdale_730/2016/G": {"virus": "mumps", "date": "2016-XX-XX", "region": "north_america", "country": "usa", "aa_muts": [{"HN": ["N441T"]}], "nt_muts": ["G411A", "T3377C", "A4392G", "A7872C", "C9589T", "A10534G", "C10732A"]}, "Ontario.CAN/50.09/1/G": {"virus": "mumps", "date": "2009-12-13", "region": "north_america", "country": "canada", "aa_muts": [], "nt_muts": []}, "Ontario.CAN/13.10/G": {"virus": "mumps", "date": "2010-03-31", "region": "north_america", "country": "canada", "aa_muts": [], "nt_muts": []}, "Ontario.CAN/40.09/1/G": {"virus": "mumps", "date": "2009-09-28", "region": "north_america", "country": "canada", "aa_muts": [], "nt_muts": []}, "Pune.Ind/50.08/C": {"virus": "mumps", "date": "2008-12-30", "region": "south_asia", "country": "india", "aa_muts": [], "nt_muts": []}, "Mass.USA/4.10": {"virus": "mumps", "date": "2010-01-29", "region": "north_america", "country": "usa", "aa_muts": [], "nt_muts": []}, "Manitoba.CAN/47.16/4/G": {"virus": "mumps", "date": "2016-10-25", "region": "north_america", "country": "canada", "aa_muts": [], "nt_muts": []}, "California.USA/40.11/G": {"virus": "mumps", "date": "2011-10-08", "region": "north_america", "country": "usa", "aa_muts": [], "nt_muts": []}, "Split.CRO/05.11/G": {"virus": "mumps", "date": "2011-02-05", "region": "europe", "country": "croatia", "aa_muts": [], "nt_muts": []}, "Bedford.GBR/0.89/H": {"virus": "mumps", "date": "1989-XX-XX", "region": "europe", "country": "united_kingdom", "aa_muts": [], "nt_muts": []}, "Springdale_754/2016/G": {"virus": "mumps", "date": "2016-XX-XX", "region": "north_america", "country": "usa", "aa_muts": [{"M": ["N22S"]}, {"P": ["I369T"]}], "nt_muts": ["T1752C", "T3021C", "A3265G", "T11359C"]}, "Leningrad-3": {"virus": "mumps", "date": "2010-XX-XX", "region": "west_asia", "country": "russia", "aa_muts": [], "nt_muts": []}, "Manitoba.CAN/43.16/5/G": {"virus": "mumps", "date": "2016-10-25", "region": "north_america", "country": "canada", "aa_muts": [], "nt_muts": []}, "SP": {"virus": "mumps", "date": "2007-07-15", "region": "china", "country": "china", "aa_muts": [], "nt_muts": []}, "Ontario.CAN/38.09/2/G": {"virus": "mumps", "date": "2009-09-17", "region": "north_america", "country": "canada", "aa_muts": [], "nt_muts": []}, "Ge9.DEU/0.77/D": {"virus": "mumps", "date": "1977-XX-XX", "region": "europe", "country": "germany", "aa_muts": [], "nt_muts": []}, "Du/CRO05": {"virus": "mumps", "date": "2005-XX-XX", "region": "europe", "country": "croatia", "aa_muts": [], "nt_muts": []}, "New_York.USA/53.09/3": {"virus": "mumps", "date": "2010-01-07", "region": "north_america", "country": "usa", "aa_muts": [], "nt_muts": []}, "New_York.USA/40.09/1": {"virus": "mumps", "date": "2009-09-21", "region": "north_america", "country": "usa", "aa_muts": [], "nt_muts": []}}