{"PAN/CDC_259359_V1_V3/2015": {"virus": "zika", "date": "2015-12-18", "region": "north_america", "country": "panama", "aa_muts": [{"NS2B": ["M32I"]}], "nt_muts": ["G23A", "A35T", "G40A", "T2538C", "A3750G", "G3771A", "G4302A", "C7056T", "T10344C"]}, "COL/FLR_00024/2015": {"virus": "zika", "date": "2015-12-XX", "region": "south_america", "country": "colombia", "aa_muts": [], "nt_muts": []}, "PRVABC59": {"virus": "zika", "date": "2015-12-XX", "region": "north_america", "country": "puerto_rico", "aa_muts": [{"CA": ["I80T"]}, {"NS5": ["A91V"]}], "nt_muts": ["T329C", "T762C", "G1170T", "G1458A", "A1482G", "C1887T", "C2838T", "T3549C", "T3576C", "C4866T", "T5070C", "T5139C", "T6612A", "T6654C", "T7077C", "T7134C", "C7488T", "C7922T", "T8835C", "T9000C", "C9225T", "C9279T"]}, "COL/FLR_00008/2015": {"virus": "zika", "date": "2015-12-XX", "region": "south_america", "country": "colombia", "aa_muts": [], "nt_muts": []}, "Colombia/2016/ZC204Se": {"virus": "zika", "date": "2016-01-06", "region": "south_america", "country": "colombia", "aa_muts": [{"PRO": ["N17K"]}], "nt_muts": ["C507A", "C1233T", "C2163T", "T7843C", "T10332C"]}, "ZKC2/2016": {"virus": "zika", "date": "2016-02-16", "region": "oceania", "country": "american_samoa", "aa_muts": [], "nt_muts": []}, "VEN/UF_1/2016": {"virus": "zika", "date": "2016-03-25", "region": "south_america", "country": "venezuela", "aa_muts": [{"CA": ["E76D"]}, {"NS1": ["T301P"]}, {"NS5": ["A833T"]}], "nt_muts": ["A3C", "G318T", "G438T", "C1233T", "C1416T", "G2895A", "A3373C", "T3804C", "C4311T", "T4605G", "C6643T", "C8016T", "T8862G", "G10147A"]}, "DOM/2016/BB_0059": {"virus": "zika", "date": "2016-04-04", "region": "north_america", "country": "dominican_republic", "aa_muts": [{"NS3": ["Y498C"]}], "nt_muts": ["C4020T", "C4749T", "A6089G"]}, "BRA/2016/FC_6706": {"virus": "zika", "date": "2016-04-08", "region": "south_america", "country": "brazil", "aa_muts": [], "nt_muts": ["T876C", "C2646T", "A4341G", "C5988T", "T6618C", "A7116G", "T7506C", "G8040A", "A8820G", "C9066T", "T9717C"]}, "DOM/2016/BB_0183": {"virus": "zika", "date": "2016-04-18", "region": "north_america", "country": "dominican_republic", "aa_muts": [{"NS1": ["D208G"]}, {"NS2A": ["L152M"]}, {"NS5": ["Q650R"]}], "nt_muts": ["T2724C", "T2823C", "A3095G", "T3982A", "C6105T", "A9599G", "T10632C"]}, "EcEs062_16": {"virus": "zika", "date": "2016-04-XX", "region": "south_america", "country": "ecuador", "aa_muts": [], "nt_muts": ["T1275C", "T1858C", "T2409C", "A2754G", "A3780G", "G4971T", "C5532T", "G5751A", "G6453C", "A6873G", "C8232A", "T8553C", "C8850T", "A9420G", "G9933T", "C10098T", "A10347G", "T10372C"]}, "HND/2016/HU_ME59": {"virus": "zika", "date": "2016-05-13", "region": "north_america", "country": "honduras", "aa_muts": [], "nt_muts": ["T4716C", "T4888C", "A6945G", "T9516C"]}, "DOM/2016/MA_WGS16_011": {"virus": "zika", "date": "2016-06-06", "region": "north_america", "country": "dominican_republic", "aa_muts": [], "nt_muts": ["C1137T", "C1665T", "A3987G", "T8862C", "A9387G", "A10270C", "A10616G"]}, "DOM/2016/BB_0433": {"virus": "zika", "date": "2016-06-13", "region": "north_america", "country": "dominican_republic", "aa_muts": [{"NS3": ["V126I"]}], "nt_muts": ["T510C", "G630A", "G3474A", "G4972A", "T5250C", "C6934T", "A7038C", "T8025C", "C8316A", "C8370T", "T10372C"]}, "USA/2016/FL022": {"virus": "zika", "date": "2016-07-22", "region": "north_america", "country": "usa", "aa_muts": [{"NS3": ["S506P"]}, {"PRO": ["R89Q"]}], "nt_muts": ["G722A", "T1224C", "A3639G", "T4734C", "T6112C", "G8082A", "C8544T"]}, "SG_027": {"virus": "zika", "date": "2016-08-27", "region": "southeast_asia", "country": "singapore", "aa_muts": [], "nt_muts": ["T891C", "T7500A", "T7843C"]}, "SG_074": {"virus": "zika", "date": "2016-08-28", "region": "southeast_asia", "country": "singapore", "aa_muts": [], "nt_muts": []}, "SG_056": {"virus": "zika", "date": "2016-08-28", "region": "southeast_asia", "country": "singapore", "aa_muts": [{"PRO": ["A74T"]}], "nt_muts": ["G676A", "C8016T", "T8433C"]}, "USA/2016/FLUR022": {"virus": "zika", "date": "2016-08-31", "region": "north_america", "country": "usa", "aa_muts": [{"NS1": ["P112S"]}], "nt_muts": ["C2806T", "C7776T", "C8233T", "T10373C"]}, "Aedes_aegypti/USA/2016/FL05": {"virus": "zika", "date": "2016-09-09", "region": "north_america", "country": "usa", "aa_muts": [{"ENV": ["A69V"]}], "nt_muts": ["G459A", "C1166T", "T3982C"]}, "SG_018": {"virus": "zika", "date": "2016-09-13", "region": "southeast_asia", "country": "singapore", "aa_muts": [{"PRO": ["G79V"]}], "nt_muts": ["G692T", "C4716T", "G4767A", "G6489A", "A7821G", "A10335G"]}, "USA/2016/FLWB042": {"virus": "zika", "date": "2016-09-26", "region": "north_america", "country": "usa", "aa_muts": [], "nt_muts": ["G2481A", "T10373C"]}, "COL/PRV_00028/2015": {"virus": "zika", "date": "2016-12-XX", "region": "south_america", "country": "colombia", "aa_muts": [], "nt_muts": []}, "Thailand/1610acTw": {"virus": "zika", "date": "2016-10-XX", "region": "southeast_asia", "country": "thailand", "aa_muts": [{"NS1": ["K206R"]}, {"NS2A": ["I80V"]}, {"NS4B": ["A112T"]}, {"NS5": ["N402K", "N556H"]}], "nt_muts": ["T210C", "C405T", "C759T", "T876C", "T1041C", "G1869C", "G2529A", "A3089G", "A3162G", "G3270A", "A3750G", "C3757T", "A3766G", "C5496T", "A5832G", "A6144G", "C6264T", "T6993C", "T7170C", "G7231A", "T7320A", "C7461T", "C7672T", "T8052C", "T8190C", "C8856A", "A9316C", "G9327A"]}, "1_0087_PF": {"virus": "zika", "date": "2013-12-XX", "region": "oceania", "country": "french_polynesia", "aa_muts": [], "nt_muts": ["C3433T", "A3639G", "G8478A"]}, "1_0199_PF": {"virus": "zika", "date": "2013-11-XX", "region": "oceania", "country": "french_polynesia", "aa_muts": [], "nt_muts": ["A4227G", "C8748T"]}, "1_0181_PF": {"virus": "zika", "date": "2013-12-XX", "region": "oceania", "country": "french_polynesia", "aa_muts": [], "nt_muts": ["G765A", "G1827A", "T1974C"]}, "Brazil/2015/ZBRC301": {"virus": "zika", "date": "2015-05-13", "region": "south_america", "country": "brazil", "aa_muts": [], "nt_muts": ["A1800C", "A1851G", "C2562T", "C6600T", "C7437T", "G8031A", "C8271T", "A9936G"]}, "Brazil/2015/ZBRA105": {"virus": "zika", "date": "2015-02-23", "region": "south_america", "country": "brazil", "aa_muts": [{"2K": ["M7I"]}], "nt_muts": ["G6849A", "A8169G", "G8520A"]}, "Brazil/2016/ZBRC16": {"virus": "zika", "date": "2016-01-19", "region": "south_america", "country": "brazil", "aa_muts": [{"ENV": ["S368G", "I448V"]}, {"NS5": ["P247S", "K560R"]}], "nt_muts": ["A2062G", "G2205A", "A2302G", "T2452C", "T3036C", "G3690A", "T3928C", "T6243C", "G6627A", "T7551C", "T8028C", "C8389T", "C9069T", "A9329G", "T9432C"]}, "V8375": {"virus": "zika", "date": "2015-11-01", "region": "north_america", "country": "guatemala", "aa_muts": [{"ENV": ["V56I"]}, {"NS5": ["K174R"]}], "nt_muts": ["G1126A", "A1689G", "A2313T", "C6475T", "G6966A", "C7749T", "T8094C", "A8171G", "G9438A"]}, "Nica1_16": {"virus": "zika", "date": "2016-01-19", "region": "north_america", "country": "nicaragua", "aa_muts": [{"NS2B": ["S5G"]}, {"NS4B": ["I176L"]}], "nt_muts": ["T1449C", "A4219G", "A6444G", "A6846G", "A7423T", "G8064A"]}, "Brazil/2015/ZBRC303": {"virus": "zika", "date": "2015-05-14", "region": "south_america", "country": "brazil", "aa_muts": [{"CA": ["A106T"]}], "nt_muts": ["G406A"]}, "SMGC_1": {"virus": "zika", "date": "2016-02-14", "region": "oceania", "country": "american_samoa", "aa_muts": [], "nt_muts": []}}