{
  "alignment": "results_hku1/aligned.fasta",
  "clock": {
    "intercept": -0.22226238931531148,
    "rate": 0.00012239034350437514,
    "rtt_Tmrca": 1816.0124643115016
  },
  "generated_by": {
    "program": "augur",
    "version": "6.4.3"
  },
  "input_tree": "results_hku1/tree_raw.nwk",
  "nodes": {
    "12MYKL0163": {
      "branch_length": 6.276426338093586e-05,
      "clock_length": 6.276426338093586e-05,
      "date": "2012-07-14",
      "mutation_length": 3.5675687682561645e-05,
      "num_date_confidence": [
        2012.0013661202186,
        2012.9986338797814
      ],
      "numdate": 2012.5351707046063,
      "raw_date": "2012-XX-XX"
    },
    "12MYKL0181": {
      "branch_length": 2.811497083811973e-05,
      "clock_length": 2.811497083811973e-05,
      "date": "2012-09-15",
      "mutation_length": 1.771917689557181e-22,
      "num_date_confidence": [
        2012.0013661202186,
        2012.9986338797814
      ],
      "numdate": 2012.7054164491458,
      "raw_date": "2012-XX-XX"
    },
    "12MYKL0323": {
      "branch_length": 5.220387101087791e-05,
      "clock_length": 5.220387101087791e-05,
      "date": "2012-05-02",
      "mutation_length": 3.567133633364715e-05,
      "num_date_confidence": [
        2012.0013661202186,
        2012.9986338797814
      ],
      "numdate": 2012.3341266238588,
      "raw_date": "2012-XX-XX"
    },
    "12MYKL0407": {
      "branch_length": 0.00020646376192042122,
      "clock_length": 0.00020646376192042122,
      "date": "2012-12-31",
      "mutation_length": 0.00032121027489053747,
      "num_date_confidence": [
        2012.4012127141623,
        2012.9986338797814
      ],
      "numdate": 2012.9986338797814,
      "raw_date": "2012-XX-XX"
    },
    "12MYKL0447": {
      "branch_length": 0.00011487028654393592,
      "clock_length": 0.00011487028654393592,
      "date": "2012-01-01",
      "mutation_length": 3.5673731647208424e-05,
      "num_date_confidence": [
        2012.0013661202186,
        2012.6396269402837
      ],
      "numdate": 2012.0013661202186,
      "raw_date": "2012-XX-XX"
    },
    "12MYKL0529": {
      "branch_length": 2.811497083811973e-05,
      "clock_length": 2.811497083811973e-05,
      "date": "2012-09-15",
      "mutation_length": 1.771917689557181e-22,
      "num_date_confidence": [
        2012.0013661202186,
        2012.9986338797814
      ],
      "numdate": 2012.7054164491458,
      "raw_date": "2012-XX-XX"
    },
    "12MYKL0624": {
      "branch_length": 3.816820247601197e-06,
      "clock_length": 3.816820247601197e-06,
      "date": "2012-01-01",
      "mutation_length": 1.778441568207605e-22,
      "num_date_confidence": [
        2012.0013661202186,
        2012.653743297098
      ],
      "numdate": 2012.0013661202186,
      "raw_date": "2012-XX-XX"
    },
    "12MYKL0737": {
      "branch_length": 2.740631160202717e-05,
      "clock_length": 2.740631160202717e-05,
      "date": "2012-03-30",
      "mutation_length": 1.778441568207605e-22,
      "num_date_confidence": [
        2012.0013661202186,
        2012.9986338797814
      ],
      "numdate": 2012.2444722885962,
      "raw_date": "2012-XX-XX"
    },
    "12MYKL0759": {
      "branch_length": 2.811497083811973e-05,
      "clock_length": 2.811497083811973e-05,
      "date": "2012-09-15",
      "mutation_length": 1.771917689557181e-22,
      "num_date_confidence": [
        2012.0013661202186,
        2012.9986338797814
      ],
      "numdate": 2012.7054164491458,
      "raw_date": "2012-XX-XX"
    },
    "12MYKL0777": {
      "branch_length": 2.811497083811973e-05,
      "clock_length": 2.811497083811973e-05,
      "date": "2012-09-15",
      "mutation_length": 1.771917689557181e-22,
      "num_date_confidence": [
        2012.0013661202186,
        2012.9986338797814
      ],
      "numdate": 2012.7054164491458,
      "raw_date": "2012-XX-XX"
    },
    "12MYKL0790": {
      "branch_length": 6.27647904434301e-05,
      "clock_length": 6.27647904434301e-05,
      "date": "2012-07-14",
      "mutation_length": 3.5676137673041094e-05,
      "num_date_confidence": [
        2012.0013661202186,
        2012.9986338797814
      ],
      "numdate": 2012.5351750110121,
      "raw_date": "2012-XX-XX"
    },
    "12MYKL0841": {
      "branch_length": 2.740631160202717e-05,
      "clock_length": 2.740631160202717e-05,
      "date": "2012-03-30",
      "mutation_length": 1.778441568207605e-22,
      "num_date_confidence": [
        2012.0013661202186,
        2012.9986338797814
      ],
      "numdate": 2012.2444722885962,
      "raw_date": "2012-XX-XX"
    },
    "12MYKL1058": {
      "branch_length": 4.5177963246974566e-05,
      "clock_length": 4.5177963246974566e-05,
      "date": "2012-04-20",
      "mutation_length": 3.567463064636035e-05,
      "num_date_confidence": [
        2012.0013661202186,
        2012.9986338797814
      ],
      "numdate": 2012.3012526390758,
      "raw_date": "2012-XX-XX"
    },
    "12MYKL1061": {
      "branch_length": 0.0001276652856744405,
      "clock_length": 0.0001276652856744405,
      "date": "2012-12-13",
      "mutation_length": 0.00010702889037137975,
      "num_date_confidence": [
        2012.0013661202186,
        2012.9986338797814
      ],
      "numdate": 2012.950690092045,
      "raw_date": "2012-XX-XX"
    },
    "12MYKL1075": {
      "branch_length": 3.2402261734424016e-05,
      "clock_length": 3.2402261734424016e-05,
      "date": "2012-05-02",
      "mutation_length": 1.8296987560728813e-22,
      "num_date_confidence": [
        2012.0013661202186,
        2012.9986338797814
      ],
      "numdate": 2012.3356584550386,
      "raw_date": "2012-XX-XX"
    },
    "12MYKL1132": {
      "branch_length": 3.564912089487507e-05,
      "clock_length": 3.564912089487507e-05,
      "date": "2012-08-11",
      "mutation_length": 1.8296987560728813e-22,
      "num_date_confidence": [
        2012.0013661202186,
        2012.9986338797814
      ],
      "numdate": 2012.6107042319852,
      "raw_date": "2012-XX-XX"
    },
    "12MYKL1153": {
      "branch_length": 4.29333952043226e-05,
      "clock_length": 4.29333952043226e-05,
      "date": "2012-12-31",
      "mutation_length": 1.8312785097265493e-22,
      "num_date_confidence": [
        2012.274867260607,
        2012.9986338797814
      ],
      "numdate": 2012.9986338797814,
      "raw_date": "2012-XX-XX"
    },
    "12MYKL1214": {
      "branch_length": 3.564912089487507e-05,
      "clock_length": 3.564912089487507e-05,
      "date": "2012-08-11",
      "mutation_length": 1.8296987560728813e-22,
      "num_date_confidence": [
        2012.0013661202186,
        2012.9986338797814
      ],
      "numdate": 2012.6107042319852,
      "raw_date": "2012-XX-XX"
    },
    "12MYKL1217": {
      "branch_length": 0.0016372439698244087,
      "clock_length": 0.0016372439698244087,
      "date": "2012-01-01",
      "mutation_length": 0.00010702486177569685,
      "num_date_confidence": [
        2012.0013661202186,
        2012.8989071038252
      ],
      "numdate": 2012.0013661202186,
      "raw_date": "2012-XX-XX"
    },
    "13MYKL1781": {
      "branch_length": 6.400195288043986e-05,
      "clock_length": 6.400195288043986e-05,
      "date": "2013-12-31",
      "mutation_length": 1.8312785097265493e-22,
      "num_date_confidence": [
        2013.169241429189,
        2013.9986301369863
      ],
      "numdate": 2013.9986301369863,
      "raw_date": "2013-XX-XX"
    },
    "13MYKL1898": {
      "branch_length": 4.3268253131938865e-05,
      "clock_length": 4.3268253131938865e-05,
      "date": "2013-01-01",
      "mutation_length": 3.568451884897264e-05,
      "num_date_confidence": [
        2013.0013698630137,
        2013.7023807951382
      ],
      "numdate": 2013.0013698630137,
      "raw_date": "2013-XX-XX"
    },
    "13MYKL1997": {
      "branch_length": 0.00013386800025201812,
      "clock_length": 0.00013386800025201812,
      "date": "2013-01-01",
      "mutation_length": 0.00010705684902691415,
      "num_date_confidence": [
        2013.0013698630137,
        2013.7952948347593
      ],
      "numdate": 2013.0013698630137,
      "raw_date": "2013-XX-XX"
    },
    "BJ225": {
      "branch_length": 7.582618126074315e-06,
      "clock_length": 7.582618126074315e-06,
      "date": "2014-05-23",
      "mutation_length": 1.7299689123007211e-22,
      "num_date_confidence": [
        2014.3301369863013,
        2014.4123287671232
      ],
      "numdate": 2014.38972089431,
      "raw_date": "2014-05-XX"
    },
    "BJ226": {
      "branch_length": 2.548401672966907e-05,
      "clock_length": 2.548401672966907e-05,
      "date": "2014-05-01",
      "mutation_length": 1.7299689123007211e-22,
      "num_date_confidence": [
        2014.3301369863013,
        2014.4029945375523
      ],
      "numdate": 2014.3301369863013,
      "raw_date": "2014-05-XX"
    },
    "BJ250": {
      "branch_length": 2.4142752691256653e-05,
      "clock_length": 2.4142752691256653e-05,
      "date": "2014-05-01",
      "mutation_length": 1.7299689123007211e-22,
      "num_date_confidence": [
        2014.3301369863013,
        2014.403228467876
      ],
      "numdate": 2014.3301369863013,
      "raw_date": "2014-05-XX"
    },
    "BJ297": {
      "branch_length": 7.582618126074315e-06,
      "clock_length": 7.582618126074315e-06,
      "date": "2014-05-23",
      "mutation_length": 1.7299689123007211e-22,
      "num_date_confidence": [
        2014.3301369863013,
        2014.4123287671232
      ],
      "numdate": 2014.38972089431,
      "raw_date": "2014-05-XX"
    },
    "BJ321": {
      "branch_length": 0.00011820286375984704,
      "clock_length": 0.00011820286375984704,
      "date": "2014-05-01",
      "mutation_length": 3.584082082703534e-05,
      "num_date_confidence": [
        2014.3301369863013,
        2014.4041095890411
      ],
      "numdate": 2014.3301369863013,
      "raw_date": "2014-05-XX"
    },
    "HCOV/KENYA/001/2010": {
      "branch_length": 0.00022986476867472877,
      "clock_length": 0.00022986476867472877,
      "date": "2014-07-01",
      "mutation_length": 1.7427621732764362e-22,
      "num_date_confidence": [
        2014.4972602739726,
        2014.4972602739726
      ],
      "numdate": 2014.4972602739726,
      "raw_date": "2014-07-01"
    },
    "HCOV/KENYA/008/2009": {
      "branch_length": 0.00022363037466083464,
      "clock_length": 0.00022363037466083464,
      "date": "2014-07-01",
      "mutation_length": 1.7438964894499092e-22,
      "num_date_confidence": [
        2014.4972602739726,
        2014.4972602739726
      ],
      "numdate": 2014.4972602739726,
      "raw_date": "2014-07-01"
    },
    "HCOV/KENYA/010/2009": {
      "branch_length": 0.00012502946662782928,
      "clock_length": 0.00012502946662782928,
      "date": "2014-07-01",
      "mutation_length": 3.5841804599101095e-05,
      "num_date_confidence": [
        2014.4972602739726,
        2014.4972602739726
      ],
      "numdate": 2014.4972602739726,
      "raw_date": "2014-07-01"
    },
    "HKU1/SLO/39995/2013": {
      "branch_length": 0.0,
      "clock_length": 0.0,
      "date": "2013-12-20",
      "mutation_length": 1.7363296865700242e-22,
      "num_date_confidence": [
        2013.968493150685,
        2013.968493150685
      ],
      "numdate": 2013.968493150685,
      "raw_date": "2013-12-20"
    },
    "HKU1/SLO/39999/2013": {
      "branch_length": 1.3428421416530694e-05,
      "clock_length": 1.3428421416530694e-05,
      "date": "2013-12-20",
      "mutation_length": 1.7363296865700242e-22,
      "num_date_confidence": [
        2013.968493150685,
        2013.968493150685
      ],
      "numdate": 2013.968493150685,
      "raw_date": "2013-12-20"
    },
    "HKU1/SLO/40019/2013": {
      "branch_length": 0.0,
      "clock_length": 0.0,
      "date": "2013-12-20",
      "mutation_length": 1.7363296865700242e-22,
      "num_date_confidence": [
        2013.968493150685,
        2013.968493150685
      ],
      "numdate": 2013.968493150685,
      "raw_date": "2013-12-20"
    },
    "HKU1/SLO/40216/2013": {
      "branch_length": 4.416418147526013e-05,
      "clock_length": 4.416418147526013e-05,
      "date": "2013-12-31",
      "mutation_length": 1.7363296865700242e-22,
      "num_date_confidence": [
        2013.9986301369863,
        2013.9986301369863
      ],
      "numdate": 2013.9986301369863,
      "raw_date": "2013-12-31"
    },
    "HKU1/SLO/40304/2014": {
      "branch_length": 0.0,
      "clock_length": 0.0,
      "date": "2014-01-03",
      "mutation_length": 1.742414483520229e-22,
      "num_date_confidence": [
        2014.0068493150684,
        2014.0068493150684
      ],
      "numdate": 2014.0068493150684,
      "raw_date": "2014-01-03"
    },
    "HKU1/SLO/42056/2014": {
      "branch_length": 0.0,
      "clock_length": 0.0,
      "date": "2014-02-14",
      "mutation_length": 1.742414483520229e-22,
      "num_date_confidence": [
        2014.1219178082192,
        2014.1219178082192
      ],
      "numdate": 2014.1219178082192,
      "raw_date": "2014-02-14"
    },
    "HKU1/SLO/42161/2014": {
      "branch_length": 0.0,
      "clock_length": 0.0,
      "date": "2014-02-16",
      "mutation_length": 1.7485552073325777e-22,
      "num_date_confidence": [
        2014.127397260274,
        2014.127397260274
      ],
      "numdate": 2014.127397260274,
      "raw_date": "2014-02-16"
    },
    "HKU1/SLO/42284/2014": {
      "branch_length": 0.0,
      "clock_length": 0.0,
      "date": "2014-02-18",
      "mutation_length": 1.742414483520229e-22,
      "num_date_confidence": [
        2014.1328767123289,
        2014.1328767123289
      ],
      "numdate": 2014.1328767123289,
      "raw_date": "2014-02-18"
    },
    "HKU1/SLO/43609/2014": {
      "branch_length": 0.0,
      "clock_length": 0.0,
      "date": "2014-03-12",
      "mutation_length": 1.742414483520229e-22,
      "num_date_confidence": [
        2014.1931506849314,
        2014.1931506849314
      ],
      "numdate": 2014.1931506849314,
      "raw_date": "2014-03-12"
    },
    "HKU1/SLO/60004/2015": {
      "branch_length": 0.0,
      "clock_length": 0.0,
      "date": "2015-11-17",
      "mutation_length": 1.742414483520229e-22,
      "num_date_confidence": [
        2015.8780821917808,
        2015.8780821917808
      ],
      "numdate": 2015.8780821917808,
      "raw_date": "2015-11-17"
    },
    "HKU1/SLO/60422/2015": {
      "branch_length": 0.0,
      "clock_length": 0.0,
      "date": "2015-12-02",
      "mutation_length": 1.742414483520229e-22,
      "num_date_confidence": [
        2015.9191780821918,
        2015.9191780821918
      ],
      "numdate": 2015.9191780821918,
      "raw_date": "2015-12-02"
    },
    "HKU1/SLO/60454/2015": {
      "branch_length": 3.3531600959616544e-07,
      "clock_length": 3.3531600959616544e-07,
      "date": "2015-12-03",
      "mutation_length": 1.742414483520229e-22,
      "num_date_confidence": [
        2015.9219178082192,
        2015.9219178082192
      ],
      "numdate": 2015.9219178082192,
      "raw_date": "2015-12-03"
    },
    "HKU1/SLO/60558/2015": {
      "branch_length": 6.706320192034223e-06,
      "clock_length": 6.706320192034223e-06,
      "date": "2015-12-07",
      "mutation_length": 1.742414483520229e-22,
      "num_date_confidence": [
        2015.9328767123288,
        2015.9328767123288
      ],
      "numdate": 2015.9328767123288,
      "raw_date": "2015-12-07"
    },
    "HKU1/SLO/60641/2015": {
      "branch_length": 0.00021426693013505563,
      "clock_length": 0.00021426693013505563,
      "date": "2015-12-11",
      "mutation_length": 1.742414483520229e-22,
      "num_date_confidence": [
        2015.9438356164383,
        2015.9438356164383
      ],
      "numdate": 2015.9438356164383,
      "raw_date": "2015-12-11"
    },
    "HKU1/SLO/60668/2015": {
      "branch_length": 0.0,
      "clock_length": 0.0,
      "date": "2015-12-13",
      "mutation_length": 1.742414483520229e-22,
      "num_date_confidence": [
        2015.9493150684932,
        2015.9493150684932
      ],
      "numdate": 2015.9493150684932,
      "raw_date": "2015-12-13"
    },
    "HKU1/SLO/60770/2015": {
      "branch_length": 2.0517597433690037e-06,
      "clock_length": 2.0517597433690037e-06,
      "date": "2015-12-17",
      "mutation_length": 1.7363296865700242e-22,
      "num_date_confidence": [
        2015.9602739726026,
        2015.9602739726026
      ],
      "numdate": 2015.9602739726026,
      "raw_date": "2015-12-17"
    },
    "HKU1/SLO/60781/2015": {
      "branch_length": 0.0,
      "clock_length": 0.0,
      "date": "2015-12-17",
      "mutation_length": 1.742414483520229e-22,
      "num_date_confidence": [
        2015.9602739726026,
        2015.9602739726026
      ],
      "numdate": 2015.9602739726026,
      "raw_date": "2015-12-17"
    },
    "HKU1/SLO/60867/2015": {
      "branch_length": 1.3412640384124173e-06,
      "clock_length": 1.3412640384124173e-06,
      "date": "2015-12-21",
      "mutation_length": 1.742414483520229e-22,
      "num_date_confidence": [
        2015.9712328767123,
        2015.9712328767123
      ],
      "numdate": 2015.9712328767123,
      "raw_date": "2015-12-21"
    },
    "HKU1/SLO/61107/2015": {
      "branch_length": 5.365056153621805e-06,
      "clock_length": 5.365056153621805e-06,
      "date": "2015-12-29",
      "mutation_length": 1.742414483520229e-22,
      "num_date_confidence": [
        2015.9931506849316,
        2015.9931506849316
      ],
      "numdate": 2015.9931506849316,
      "raw_date": "2015-12-29"
    },
    "HKU1/SLO/61443/2015": {
      "branch_length": 0.00029878509071709083,
      "clock_length": 0.00029878509071709083,
      "date": "2015-12-31",
      "mutation_length": 3.584407210027645e-05,
      "num_date_confidence": [
        2015.9986301369863,
        2015.9986301369863
      ],
      "numdate": 2015.9986301369863,
      "raw_date": "2015-12-31"
    },
    "HKU1/SLO/61456/2016": {
      "branch_length": 1.7226329430319247e-05,
      "clock_length": 1.7226329430319247e-05,
      "date": "2016-01-08",
      "mutation_length": 1.742414483520229e-22,
      "num_date_confidence": [
        2016.0204918032787,
        2016.0204918032787
      ],
      "numdate": 2016.0204918032787,
      "raw_date": "2016-01-08"
    },
    "HKU1/SLO/61833/2016": {
      "branch_length": 0.0,
      "clock_length": 0.0,
      "date": "2016-01-15",
      "mutation_length": 1.742414483520229e-22,
      "num_date_confidence": [
        2016.0396174863388,
        2016.0396174863388
      ],
      "numdate": 2016.0396174863388,
      "raw_date": "2016-01-15"
    },
    "HKU1/SLO/62150/2016": {
      "branch_length": 1.1738609405188925e-05,
      "clock_length": 1.1738609405188925e-05,
      "date": "2016-01-23",
      "mutation_length": 1.742414483520229e-22,
      "num_date_confidence": [
        2016.061475409836,
        2016.061475409836
      ],
      "numdate": 2016.061475409836,
      "raw_date": "2016-01-23"
    },
    "HKU1/SLO/62197/2016": {
      "branch_length": 2.6751987651192155e-06,
      "clock_length": 2.6751987651192155e-06,
      "date": "2016-01-23",
      "mutation_length": 1.742414483520229e-22,
      "num_date_confidence": [
        2016.061475409836,
        2016.061475409836
      ],
      "numdate": 2016.061475409836,
      "raw_date": "2016-01-23"
    },
    "HKU1/SLO/62213/2016": {
      "branch_length": 0.0,
      "clock_length": 0.0,
      "date": "2016-01-25",
      "mutation_length": 1.7363296865700242e-22,
      "num_date_confidence": [
        2016.0669398907103,
        2016.0669398907103
      ],
      "numdate": 2016.0669398907103,
      "raw_date": "2016-01-25"
    },
    "HKU1/SLO/62234/2016": {
      "branch_length": 3.5032650430200964e-05,
      "clock_length": 3.5032650430200964e-05,
      "date": "2016-01-26",
      "mutation_length": 1.742414483520229e-22,
      "num_date_confidence": [
        2016.0696721311476,
        2016.0696721311476
      ],
      "numdate": 2016.0696721311476,
      "raw_date": "2016-01-26"
    },
    "HKU1/SLO/62261/2016": {
      "branch_length": 2.144349218704156e-05,
      "clock_length": 2.144349218704156e-05,
      "date": "2016-01-26",
      "mutation_length": 1.742414483520229e-22,
      "num_date_confidence": [
        2016.0696721311476,
        2016.0696721311476
      ],
      "numdate": 2016.0696721311476,
      "raw_date": "2016-01-26"
    },
    "HKU1/SLO/62556/2016": {
      "branch_length": 0.0,
      "clock_length": 0.0,
      "date": "2016-02-01",
      "mutation_length": 1.742414483520229e-22,
      "num_date_confidence": [
        2016.0860655737704,
        2016.0860655737704
      ],
      "numdate": 2016.0860655737704,
      "raw_date": "2016-02-01"
    },
    "HKU1/SLO/62637/2016": {
      "branch_length": 3.3439984566433715e-07,
      "clock_length": 3.3439984566433715e-07,
      "date": "2016-02-02",
      "mutation_length": 1.742414483520229e-22,
      "num_date_confidence": [
        2016.0887978142077,
        2016.0887978142077
      ],
      "numdate": 2016.0887978142077,
      "raw_date": "2016-02-02"
    },
    "HKU1/SLO/62985/2016": {
      "branch_length": 0.0,
      "clock_length": 0.0,
      "date": "2016-02-10",
      "mutation_length": 1.7485552073325777e-22,
      "num_date_confidence": [
        2016.110655737705,
        2016.110655737705
      ],
      "numdate": 2016.110655737705,
      "raw_date": "2016-02-10"
    },
    "HKU1/SLO/63615/2016": {
      "branch_length": 0.0,
      "clock_length": 0.0,
      "date": "2016-02-20",
      "mutation_length": 1.742414483520229e-22,
      "num_date_confidence": [
        2016.1379781420765,
        2016.1379781420765
      ],
      "numdate": 2016.1379781420765,
      "raw_date": "2016-02-20"
    },
    "HKU1/SLO/63673/2016": {
      "branch_length": 0.0,
      "clock_length": 0.0,
      "date": "2016-02-20",
      "mutation_length": 1.742414483520229e-22,
      "num_date_confidence": [
        2016.1379781420765,
        2016.1379781420765
      ],
      "numdate": 2016.1379781420765,
      "raw_date": "2016-02-20"
    },
    "HKU1/SLO/63860/2016": {
      "branch_length": 1.1369594751777347e-05,
      "clock_length": 1.1369594751777347e-05,
      "date": "2016-02-28",
      "mutation_length": 1.7363296865700242e-22,
      "num_date_confidence": [
        2016.1598360655737,
        2016.1598360655737
      ],
      "numdate": 2016.1598360655737,
      "raw_date": "2016-02-28"
    },
    "N08_87": {
      "branch_length": 0.0007457633107826346,
      "clock_length": 0.0007457633107826346,
      "date": "2016-12-31",
      "mutation_length": 0.001575341283568628,
      "num_date_confidence": [
        2016.469832905041,
        2016.9986338797814
      ],
      "numdate": 2016.9986338797814,
      "raw_date": "2016-XX-XX"
    },
    "N09_1605B": {
      "branch_length": 3.8847116460966036e-05,
      "clock_length": 3.8847116460966036e-05,
      "date": "2016-08-24",
      "mutation_length": 1.6768973244137122e-22,
      "num_date_confidence": [
        2016.0013661202186,
        2016.9986338797814
      ],
      "numdate": 2016.6474059390007,
      "raw_date": "2016-XX-XX"
    },
    "N09_1627B": {
      "branch_length": 3.8847116460966036e-05,
      "clock_length": 3.8847116460966036e-05,
      "date": "2016-08-24",
      "mutation_length": 1.6768973244137122e-22,
      "num_date_confidence": [
        2016.0013661202186,
        2016.9986338797814
      ],
      "numdate": 2016.6474059390007,
      "raw_date": "2016-XX-XX"
    },
    "N09_1663B": {
      "branch_length": 3.731024182232972e-05,
      "clock_length": 3.731024182232972e-05,
      "date": "2016-04-26",
      "mutation_length": 1.6753234410620372e-22,
      "num_date_confidence": [
        2016.0013661202186,
        2016.9986338797814
      ],
      "numdate": 2016.318768492302,
      "raw_date": "2016-XX-XX"
    },
    "NODE_0000000": {
      "branch_length": 0.001,
      "clock_length": 0.001,
      "date": "1821-07-07",
      "mutation_length": 0.001,
      "num_date_confidence": [
        1721.8208361813652,
        1889.712441879098
      ],
      "numdate": 1821.5149230635518
    },
    "NODE_0000003": {
      "branch_length": 4.948302734886483e-05,
      "clock_length": 4.948302734886483e-05,
      "date": "2011-11-28",
      "mutation_length": 3.345790128404743e-05,
      "num_date_confidence": [
        2011.5402961776563,
        2012.6987945754552
      ],
      "numdate": 2011.90759075905
    },
    "NODE_0000004": {
      "branch_length": 0.00024273168631074862,
      "clock_length": 0.00024273168631074862,
      "date": "2016-02-10",
      "mutation_length": 1.591087300983459e-22,
      "num_date_confidence": [
        2015.5921150259314,
        2016.110655737705
      ],
      "numdate": 2016.110655737705
    },
    "NODE_0000005": {
      "branch_length": 3.046246828225345e-05,
      "clock_length": 3.046246828225345e-05,
      "date": "2011-04-24",
      "mutation_length": 3.345692988718477e-05,
      "num_date_confidence": [
        2010.620472732116,
        2012.2952394458669
      ],
      "numdate": 2011.3117053525073
    },
    "NODE_0000006": {
      "branch_length": 0.0015693065941739476,
      "clock_length": 0.0015693065941739476,
      "date": "2011-12-21",
      "mutation_length": 1.4554040830087667e-22,
      "num_date_confidence": [
        2011.3011304419308,
        2012.3751235402458
      ],
      "numdate": 2011.9701804879348
    },
    "NODE_0000007": {
      "branch_length": 6.164356101346453e-06,
      "clock_length": 6.164356101346453e-06,
      "date": "2012-01-08",
      "mutation_length": 1.4554040830087667e-22,
      "num_date_confidence": [
        2011.770991417495,
        2012.6036890710377
      ],
      "numdate": 2012.020546847934
    },
    "NODE_0000009": {
      "branch_length": 0.0001600163924154772,
      "clock_length": 0.0001600163924154772,
      "date": "2012-08-14",
      "mutation_length": 0.000200778239327652,
      "num_date_confidence": [
        2012.236233723733,
        2012.964768906965
      ],
      "numdate": 2012.619131966681
    },
    "NODE_0000010": {
      "branch_length": 1.9275706562459386e-05,
      "clock_length": 1.9275706562459386e-05,
      "date": "2011-01-23",
      "mutation_length": 6.691568377240535e-05,
      "num_date_confidence": [
        2010.2981824573712,
        2012.2269014534807
      ],
      "numdate": 2011.0628093415146
    },
    "NODE_0000011": {
      "branch_length": 2.3447592247154538e-05,
      "clock_length": 2.3447592247154538e-05,
      "date": "2011-07-03",
      "mutation_length": 1.4730455270277667e-22,
      "num_date_confidence": [
        2011.1181008844244,
        2012.483286424293
      ],
      "numdate": 2011.5032857629856
    },
    "NODE_0000013": {
      "branch_length": 3.749887963973406e-05,
      "clock_length": 3.749887963973406e-05,
      "date": "2012-01-09",
      "mutation_length": 3.3458300650078506e-05,
      "num_date_confidence": [
        2011.3752063768657,
        2012.8917747585497
      ],
      "numdate": 2012.0223503171164
    },
    "NODE_0000014": {
      "branch_length": 2.6029609441275987e-05,
      "clock_length": 2.6029609441275987e-05,
      "date": "2011-09-19",
      "mutation_length": 1.4730455270277667e-22,
      "num_date_confidence": [
        2011.0757876458954,
        2012.634866247077
      ],
      "numdate": 2011.7159627495514
    },
    "NODE_0000015": {
      "branch_length": 2.645586738155405e-05,
      "clock_length": 2.645586738155405e-05,
      "date": "2011-12-07",
      "mutation_length": 1.4730455270277667e-22,
      "num_date_confidence": [
        2011.4699879991801,
        2012.6689239415584
      ],
      "numdate": 2011.9321225103959
    },
    "NODE_0000016": {
      "branch_length": 2.929679617799468e-05,
      "clock_length": 2.929679617799468e-05,
      "date": "2012-03-03",
      "mutation_length": 1.4730455270277667e-22,
      "num_date_confidence": [
        2011.802360781402,
        2012.6995386365475
      ],
      "numdate": 2012.1714943050908
    },
    "NODE_0000017": {
      "branch_length": 0.0014389774213151535,
      "clock_length": 0.0014389774213151535,
      "date": "2010-11-27",
      "mutation_length": 0.004165966656716265,
      "num_date_confidence": [
        2010.2159489051799,
        2012.231237820086
      ],
      "numdate": 2010.9053156536097
    },
    "NODE_0000018": {
      "branch_length": 0.00017945960061957716,
      "clock_length": 0.00017945960061957716,
      "date": "2013-08-21",
      "mutation_length": 1.4730455270277667e-22,
      "num_date_confidence": [
        2012.96260451808,
        2013.9324391616815
      ],
      "numdate": 2013.6377831926056
    },
    "NODE_0000019": {
      "branch_length": 2.7047283953116107e-05,
      "clock_length": 2.7047283953116107e-05,
      "date": "2013-11-10",
      "mutation_length": 1.4730455270277667e-22,
      "num_date_confidence": [
        2013.5022078787583,
        2013.9528191533602
      ],
      "numdate": 2013.8587751694126
    },
    "NODE_0000020": {
      "branch_length": 1.3428421416530694e-05,
      "clock_length": 1.3428421416530694e-05,
      "date": "2013-12-20",
      "mutation_length": 1.4730455270277667e-22,
      "num_date_confidence": [
        2013.751050514122,
        2013.968493150685
      ],
      "numdate": 2013.968493150685
    },
    "NODE_0000021": {
      "branch_length": 0.0018333290959539244,
      "clock_length": 0.0018333290959539244,
      "date": "2014-02-16",
      "mutation_length": 0.0021457978372017724,
      "num_date_confidence": [
        2013.8395027827908,
        2014.127397260274
      ],
      "numdate": 2014.127397260274
    },
    "NODE_0000022": {
      "branch_length": 1.530825500185894e-05,
      "clock_length": 1.530825500185894e-05,
      "date": "2012-04-18",
      "mutation_length": 1.4730455270277667e-22,
      "num_date_confidence": [
        2011.9385587651864,
        2012.7234212944115
      ],
      "numdate": 2012.296571615633
    },
    "NODE_0000023": {
      "branch_length": 6.412055540285996e-05,
      "clock_length": 6.412055540285996e-05,
      "date": "1999-02-24",
      "mutation_length": 1.4554040830087667e-22,
      "num_date_confidence": [
        1991.7097327698484,
        2004.9594998056766
      ],
      "numdate": 1999.1480366059884
    },
    "NODE_0000024": {
      "branch_length": 2.1923688775484537e-05,
      "clock_length": 2.1923688775484537e-05,
      "date": "2012-06-23",
      "mutation_length": 1.4730455270277667e-22,
      "num_date_confidence": [
        2012.0215417784539,
        2012.8058928484518
      ],
      "numdate": 2012.4757008520396
    },
    "NODE_0000025": {
      "branch_length": 0.02167645722880763,
      "clock_length": 0.02167645722880763,
      "date": "1998-08-16",
      "mutation_length": 0.021313425285273187,
      "num_date_confidence": [
        1991.776247359493,
        2005.0361319102453
      ],
      "numdate": 1998.6241345270587
    },
    "NODE_0000026": {
      "branch_length": 0.022341627824415608,
      "clock_length": 0.022341627824415608,
      "date": "2004-01-22",
      "mutation_length": 0.024021098784983194,
      "num_date_confidence": [
        1998.2358270087857,
        2008.8959753863126
      ],
      "numdate": 2004.0589635876063
    },
    "NODE_0000027": {
      "branch_length": 2.1923688775484537e-05,
      "clock_length": 2.1923688775484537e-05,
      "date": "2012-06-23",
      "mutation_length": 1.4730455270277667e-22,
      "num_date_confidence": [
        2012.0215417784539,
        2012.8058928484518
      ],
      "numdate": 2012.4757008520396
    },
    "NODE_0000028": {
      "branch_length": 3.8685175351228654e-05,
      "clock_length": 3.8685175351228654e-05,
      "date": "2016-04-30",
      "mutation_length": 1.6918574142351066e-22,
      "num_date_confidence": [
        2015.6737450672342,
        2016.9659505655475
      ],
      "numdate": 2016.3300024956518
    },
    "NODE_0000029": {
      "branch_length": 0.00029884285470360163,
      "clock_length": 0.00029884285470360163,
      "date": "2006-07-02",
      "mutation_length": 1.6491286144451015e-22,
      "num_date_confidence": [
        2003.6207914859813,
        2009.2905571859085
      ],
      "numdate": 2006.5006828127257
    },
    "NODE_0000031": {
      "branch_length": 0.0001400304798482257,
      "clock_length": 0.0001400304798482257,
      "date": "2013-06-23",
      "mutation_length": 1.6908935341431237e-22,
      "num_date_confidence": [
        2012.7255693200143,
        2013.9659468227599
      ],
      "numdate": 2013.4756971093643
    },
    "NODE_0000032": {
      "branch_length": 5.65589620535634e-05,
      "clock_length": 5.65589620535634e-05,
      "date": "2015-12-11",
      "mutation_length": 3.3424448133886326e-05,
      "num_date_confidence": [
        2015.5999817918507,
        2015.9602739726026
      ],
      "numdate": 2015.943509907035
    },
    "NODE_0000033": {
      "branch_length": 3.74302604028439e-05,
      "clock_length": 3.74302604028439e-05,
      "date": "2012-09-02",
      "mutation_length": 1.681048935115857e-22,
      "num_date_confidence": [
        2012.2425095274175,
        2012.9659505655475
      ],
      "numdate": 2012.6700705769942
    },
    "NODE_0000034": {
      "branch_length": 0.0007803865586441623,
      "clock_length": 0.0007803865586441623,
      "date": "2012-11-16",
      "mutation_length": 1.6491286144451015e-22,
      "num_date_confidence": [
        2011.9388317027056,
        2013.814475287447
      ],
      "numdate": 2012.8768930291492
    },
    "NODE_0000035": {
      "branch_length": 5.9660163351669656e-05,
      "clock_length": 5.9660163351669656e-05,
      "date": "2013-05-13",
      "mutation_length": 1.6491286144451015e-22,
      "num_date_confidence": [
        2012.6388318561374,
        2013.8469305106755
      ],
      "numdate": 2013.3643511213763
    },
    "NODE_0000036": {
      "branch_length": 2.3625222889788106e-05,
      "clock_length": 2.3625222889788106e-05,
      "date": "2013-07-23",
      "mutation_length": 1.6491286144451015e-22,
      "num_date_confidence": [
        2013.0474915717248,
        2013.872303258203
      ],
      "numdate": 2013.557382877096
    },
    "NODE_0000037": {
      "branch_length": 1.3226735921710911e-05,
      "clock_length": 1.3226735921710911e-05,
      "date": "2013-08-31",
      "mutation_length": 1.6491286144451015e-22,
      "num_date_confidence": [
        2013.2780604972559,
        2013.9143316525453
      ],
      "numdate": 2013.665452971051
    },
    "NODE_0000038": {
      "branch_length": 1.5927789390239046e-05,
      "clock_length": 1.5927789390239046e-05,
      "date": "2013-10-18",
      "mutation_length": 1.6491286144451015e-22,
      "num_date_confidence": [
        2013.5180282207414,
        2013.97090865877
      ],
      "numdate": 2013.7955922364063
    },
    "NODE_0000039": {
      "branch_length": 0.0002063254194737789,
      "clock_length": 0.0002063254194737789,
      "date": "2015-06-25",
      "mutation_length": 1.6491286144451015e-22,
      "num_date_confidence": [
        2014.7016941473164,
        2015.894908246282
      ],
      "numdate": 2015.4813904257578
    },
    "NODE_0000040": {
      "branch_length": 0.0014631714917599935,
      "clock_length": 0.0014631714917599935,
      "date": "2016-01-06",
      "mutation_length": 0.0019081580920456266,
      "num_date_confidence": [
        2015.7015011526578,
        2016.8973470369617
      ],
      "numdate": 2016.0139222049722
    },
    "NODE_0000041": {
      "branch_length": 5.0556507812958454e-05,
      "clock_length": 5.0556507812958454e-05,
      "date": "2015-11-23",
      "mutation_length": 1.6491286144451015e-22,
      "num_date_confidence": [
        2015.4975947446926,
        2016.0696721311476
      ],
      "numdate": 2015.8944663790185
    },
    "NODE_0000042": {
      "branch_length": 2.3449891260859967e-05,
      "clock_length": 2.3449891260859967e-05,
      "date": "2016-02-01",
      "mutation_length": 1.6491286144451015e-22,
      "num_date_confidence": [
        2015.8517620555924,
        2016.0860655737704
      ],
      "numdate": 2016.0860655737704
    },
    "NODE_0000043": {
      "branch_length": 0.0005962108617392225,
      "clock_length": 0.0005962108617392225,
      "date": "2011-05-16",
      "mutation_length": 0.0006688924303406096,
      "num_date_confidence": [
        2010.6795663950252,
        2012.4654333400244
      ],
      "numdate": 2011.372070903224
    },
    "NODE_0000044": {
      "branch_length": 1.2427405008648331e-05,
      "clock_length": 1.2427405008648331e-05,
      "date": "2013-11-24",
      "mutation_length": 1.6491286144451015e-22,
      "num_date_confidence": [
        2013.6951205617886,
        2013.9911753177437
      ],
      "numdate": 2013.897131333796
    },
    "NODE_0000045": {
      "branch_length": 1.3428421416530694e-05,
      "clock_length": 1.3428421416530694e-05,
      "date": "2014-01-03",
      "mutation_length": 1.6491286144451015e-22,
      "num_date_confidence": [
        2013.8498339236523,
        2014.0068493150684
      ],
      "numdate": 2014.0068493150684
    },
    "NODE_0000046": {
      "branch_length": 0.0002292240663967416,
      "clock_length": 0.0002292240663967416,
      "date": "2015-11-18",
      "mutation_length": 1.6491286144451015e-22,
      "num_date_confidence": [
        2015.2986786820281,
        2016.0204918032787
      ],
      "numdate": 2015.8797427136276
    },
    "NODE_0000047": {
      "branch_length": 2.969788898960564e-05,
      "clock_length": 2.969788898960564e-05,
      "date": "2012-01-26",
      "mutation_length": 3.3422671007147394e-05,
      "num_date_confidence": [
        2011.7947212429133,
        2012.8513102294737
      ],
      "numdate": 2012.070913207933
    },
    "NODE_0000048": {
      "branch_length": 1.956712834980199e-05,
      "clock_length": 1.956712834980199e-05,
      "date": "2016-01-15",
      "mutation_length": 1.6491286144451015e-22,
      "num_date_confidence": [
        2015.7865541736883,
        2016.0396174863388
      ],
      "numdate": 2016.0396174863388
    },
    "NODE_0000049": {
      "branch_length": 1.1877374885944317e-05,
      "clock_length": 1.1877374885944317e-05,
      "date": "2013-12-29",
      "mutation_length": 1.6491286144451015e-22,
      "num_date_confidence": [
        2013.8067239339812,
        2014.1174655627904
      ],
      "numdate": 2013.9941763664829
    },
    "NODE_0000050": {
      "branch_length": 0.000121432365538449,
      "clock_length": 0.000121432365538449,
      "date": "2012-05-13",
      "mutation_length": 0.0002005787896338643,
      "num_date_confidence": [
        2011.8442170293958,
        2012.9182323126956
      ],
      "numdate": 2012.364243668342
    },
    "NODE_0000051": {
      "branch_length": 0.00024063136137611864,
      "clock_length": 0.00024063136137611864,
      "date": "2015-12-17",
      "mutation_length": 1.6491286144451015e-22,
      "num_date_confidence": [
        2015.3827978217362,
        2015.9602739726026
      ],
      "numdate": 2015.9602739726026
    },
    "NODE_0000052": {
      "branch_length": 1.697558297225968e-05,
      "clock_length": 1.697558297225968e-05,
      "date": "2014-02-18",
      "mutation_length": 1.6491286144451015e-22,
      "num_date_confidence": [
        2013.9749624452497,
        2014.1328767123289
      ],
      "numdate": 2014.1328767123289
    },
    "NODE_0000053": {
      "branch_length": 1.572818168027782e-05,
      "clock_length": 1.572818168027782e-05,
      "date": "2013-10-17",
      "mutation_length": 1.6491286144451015e-22,
      "num_date_confidence": [
        2013.4403286877,
        2014.0731800844048
      ],
      "numdate": 2013.793961325795
    },
    "NODE_0000054": {
      "branch_length": 1.7457865058176153e-05,
      "clock_length": 1.7457865058176153e-05,
      "date": "2013-12-08",
      "mutation_length": 1.6491286144451015e-22,
      "num_date_confidence": [
        2013.691124050052,
        2014.0842698533863
      ],
      "numdate": 2013.9366021956405
    },
    "NODE_0000055": {
      "branch_length": 0.000226034511695363,
      "clock_length": 0.000226034511695363,
      "date": "2015-10-13",
      "mutation_length": 1.6491286144451015e-22,
      "num_date_confidence": [
        2015.139636554897,
        2015.9036433929703
      ],
      "numdate": 2015.783435084767
    },
    "NODE_0000056": {
      "branch_length": 1.6613632083135464e-05,
      "clock_length": 1.6613632083135464e-05,
      "date": "2015-12-02",
      "mutation_length": 1.6491286144451015e-22,
      "num_date_confidence": [
        2015.6521649682215,
        2015.9191780821918
      ],
      "numdate": 2015.9191780821918
    },
    "NODE_0000057": {
      "branch_length": 1.3089111896988728e-05,
      "clock_length": 1.3089111896988728e-05,
      "date": "2014-01-16",
      "mutation_length": 1.6491286144451015e-22,
      "num_date_confidence": [
        2013.8672522282927,
        2014.1062438108945
      ],
      "numdate": 2014.0435478215961
    },
    "NODE_0000058": {
      "branch_length": 9.591729583236256e-06,
      "clock_length": 9.591729583236256e-06,
      "date": "2014-02-14",
      "mutation_length": 1.6491286144451015e-22,
      "num_date_confidence": [
        2013.988666267862,
        2014.1219178082192
      ],
      "numdate": 2014.1219178082192
    },
    "NODE_0000059": {
      "branch_length": 0.00023523624128644926,
      "clock_length": 0.00023523624128644926,
      "date": "2015-12-19",
      "mutation_length": 1.6491286144451015e-22,
      "num_date_confidence": [
        2015.3959867943818,
        2016.061475409836
      ],
      "numdate": 2015.9655641715055
    },
    "NODE_0000060": {
      "branch_length": 2.1101805083119786e-05,
      "clock_length": 2.1101805083119786e-05,
      "date": "2016-02-20",
      "mutation_length": 1.6491286144451015e-22,
      "num_date_confidence": [
        2015.861901572094,
        2016.1379781420765
      ],
      "numdate": 2016.1379781420765
    },
    "NODE_0000061": {
      "branch_length": 1.8544749320365526e-05,
      "clock_length": 1.8544749320365526e-05,
      "date": "2013-12-12",
      "mutation_length": 1.6491286144451015e-22,
      "num_date_confidence": [
        2013.6480913321604,
        2014.1625861640584
      ],
      "numdate": 2013.9454826696312
    },
    "NODE_0000062": {
      "branch_length": 2.7421924259335537e-05,
      "clock_length": 2.7421924259335537e-05,
      "date": "2014-03-03",
      "mutation_length": 1.6491286144451015e-22,
      "num_date_confidence": [
        2013.8876891686023,
        2014.380510124488
      ],
      "numdate": 2014.169535674747
    },
    "NODE_0000063": {
      "branch_length": 1.9365926530806967e-05,
      "clock_length": 1.9365926530806967e-05,
      "date": "2014-04-30",
      "mutation_length": 1.6491286144451015e-22,
      "num_date_confidence": [
        2014.1338057833273,
        2014.3969538116557
      ],
      "numdate": 2014.3277665120527
    },
    "NODE_0000064": {
      "branch_length": 0.00020910959511294793,
      "clock_length": 0.00020910959511294793,
      "date": "2015-11-17",
      "mutation_length": 1.6491286144451015e-22,
      "num_date_confidence": [
        2015.253446786357,
        2015.8780821917808
      ],
      "numdate": 2015.8780821917808
    },
    "NODE_0000065": {
      "branch_length": 1.737358890009492e-05,
      "clock_length": 1.737358890009492e-05,
      "date": "2014-02-01",
      "mutation_length": 1.6491286144451015e-22,
      "num_date_confidence": [
        2013.8869571345328,
        2014.1780484377196
      ],
      "numdate": 2014.087434954449
    },
    "NODE_0000066": {
      "branch_length": 0.00022787614672182752,
      "clock_length": 0.00022787614672182752,
      "date": "2015-12-13",
      "mutation_length": 1.6491286144451015e-22,
      "num_date_confidence": [
        2015.358081845648,
        2015.9493150684932
      ],
      "numdate": 2015.9493150684932
    },
    "NODE_0000067": {
      "branch_length": 1.2938584567551798e-05,
      "clock_length": 1.2938584567551798e-05,
      "date": "2014-03-12",
      "mutation_length": 1.6491286144451015e-22,
      "num_date_confidence": [
        2014.0365070435373,
        2014.1931506849314
      ],
      "numdate": 2014.1931506849314
    },
    "NODE_0000068": {
      "branch_length": 5.58336607390901e-05,
      "clock_length": 5.58336607390901e-05,
      "date": "2011-10-30",
      "mutation_length": 1.6908935341431237e-22,
      "num_date_confidence": [
        2011.2654986469897,
        2012.428403136959
      ],
      "numdate": 2011.8282642526374
    },
    "NODE_0000070": {
      "branch_length": 3.0416087959459067e-05,
      "clock_length": 3.0416087959459067e-05,
      "date": "2012-04-26",
      "mutation_length": 1.6885525119637695e-22,
      "num_date_confidence": [
        2011.8623013251402,
        2012.8619493133256
      ],
      "numdate": 2012.3194302648228
    },
    "NODE_0000071": {
      "branch_length": 6.159939338698246e-05,
      "clock_length": 6.159939338698246e-05,
      "date": "2012-05-01",
      "mutation_length": 1.6908935341431237e-22,
      "num_date_confidence": [
        2011.8116864448377,
        2012.9283537737724
      ],
      "numdate": 2012.3315669775357
    },
    "NODE_0000073": {
      "branch_length": 3.8709152101947626e-05,
      "clock_length": 3.8709152101947626e-05,
      "date": "2012-08-25",
      "mutation_length": 1.6908935341431237e-22,
      "num_date_confidence": [
        2012.11632674703,
        2012.962356835544
      ],
      "numdate": 2012.6478431721569
    },
    "NODE_0000081": {
      "branch_length": 1.5106638100772282e-05,
      "clock_length": 1.5106638100772282e-05,
      "date": "2016-01-25",
      "mutation_length": 1.6468264848939986e-22,
      "num_date_confidence": [
        2015.8501919819091,
        2016.0669398907103
      ],
      "numdate": 2016.0669398907103
    },
    "PREDICT_13QY028": {
      "branch_length": 1.5234762455019297e-05,
      "clock_length": 1.5234762455019297e-05,
      "date": "2013-01-01",
      "mutation_length": 3.585171705136066e-05,
      "num_date_confidence": [
        2013.0013698630137,
        2013.9986301369863
      ],
      "numdate": 2013.0013698630137,
      "raw_date": "2013-XX-XX"
    },
    "SC2521": {
      "branch_length": 0.0001090148077607314,
      "clock_length": 0.0001090148077607314,
      "date": "2017-01-01",
      "mutation_length": 1.591761934187111e-22,
      "num_date_confidence": [
        2017.0013698630137,
        2017.5694383196687
      ],
      "numdate": 2017.0013698630137,
      "raw_date": "2017-XX-XX"
    },
    "SC2628": {
      "branch_length": 0.0014612998903063125,
      "clock_length": 0.0014612998903063125,
      "date": "2015-12-31",
      "mutation_length": 0.002546343497013376,
      "num_date_confidence": [
        2015.1880351357374,
        2015.9986301369863
      ],
      "numdate": 2015.9986301369863,
      "raw_date": "2015-XX-XX"
    },
    "SH_1": {
      "branch_length": 4.021297549104989e-05,
      "clock_length": 4.021297549104989e-05,
      "date": "2012-12-31",
      "mutation_length": 1.7518380009891278e-22,
      "num_date_confidence": [
        2012.382339975725,
        2012.9986338797814
      ],
      "numdate": 2012.9986338797814,
      "raw_date": "2012-XX-XX"
    },
    "SH_2": {
      "branch_length": 4.644736950494403e-05,
      "clock_length": 4.644736950494403e-05,
      "date": "2012-12-31",
      "mutation_length": 7.165616321210883e-05,
      "num_date_confidence": [
        2012.6407316543434,
        2012.9986338797814
      ],
      "numdate": 2012.9986338797814,
      "raw_date": "2012-XX-XX"
    },
    "SH_3": {
      "branch_length": 7.764323589389379e-05,
      "clock_length": 7.764323589389379e-05,
      "date": "2012-12-31",
      "mutation_length": 0.00010749400461871308,
      "num_date_confidence": [
        2012.5404432709277,
        2012.9986338797814
      ],
      "numdate": 2012.9986338797814,
      "raw_date": "2012-XX-XX"
    },
    "SI17244": {
      "branch_length": 0.0007977368341888091,
      "clock_length": 0.0007977368341888091,
      "date": "2017-06-04",
      "mutation_length": 0.0009043688470892068,
      "num_date_confidence": [
        2017.4232876712329,
        2017.4232876712329
      ],
      "numdate": 2017.4232876712329,
      "raw_date": "2017-06-04"
    }
  }
}