{
  "alignment": "results_nCoV/aligned.fasta",
  "clock": {
    "intercept": -1.6227755333827314,
    "rate": 0.0008036379177039503,
    "rtt_Tmrca": 2019.286917196633
  },
  "generated_by": {
    "program": "augur",
    "version": "6.4.3"
  },
  "input_tree": "results_nCoV/tree_raw.nwk",
  "nodes": {
    "Australia/VIC01/2020": {
      "branch_length": 5.2874328716075283e-05,
      "clock_length": 5.2874328716075283e-05,
      "date": "2020-01-25",
      "mutation_length": 6.687645879169259e-05,
      "num_date_confidence": [
        2020.0669398907103,
        2020.0669398907103
      ],
      "numdate": 2020.0669398907103,
      "raw_date": "2020-01-25"
    },
    "Brazil/SPBR-02/2020": {
      "branch_length": 9.900256761683029e-05,
      "clock_length": 9.900256761683029e-05,
      "date": "2020-02-28",
      "mutation_length": 6.693967687911228e-05,
      "num_date_confidence": [
        2020.1598360655737,
        2020.1598360655737
      ],
      "numdate": 2020.1598360655737,
      "raw_date": "2020-02-28"
    },
    "China/WH-09/2020": {
      "branch_length": 5.379351107807475e-05,
      "clock_length": 5.379351107807475e-05,
      "date": "2020-01-08",
      "mutation_length": 0.00023412404593543528,
      "num_date_confidence": [
        2020.0204918032787,
        2020.0204918032787
      ],
      "numdate": 2020.0204918032787,
      "raw_date": "2020-01-08"
    },
    "China/WHU01/2020": {
      "branch_length": 1.6770491005142947e-06,
      "clock_length": 1.6770491005142947e-06,
      "date": "2020-01-02",
      "mutation_length": 7.659365328697838e-19,
      "num_date_confidence": [
        2020.0040983606557,
        2020.0040983606557
      ],
      "numdate": 2020.0040983606557,
      "raw_date": "2020-01-02"
    },
    "China/WHU02/2020": {
      "branch_length": 1.6770491005142947e-06,
      "clock_length": 1.6770491005142947e-06,
      "date": "2020-01-02",
      "mutation_length": 7.659365328697838e-19,
      "num_date_confidence": [
        2020.0040983606557,
        2020.0040983606557
      ],
      "numdate": 2020.0040983606557,
      "raw_date": "2020-01-02"
    },
    "Finland/1/2020": {
      "branch_length": 1.6181351962744065e-05,
      "clock_length": 1.6181351962744065e-05,
      "date": "2020-01-29",
      "mutation_length": 7.663137009307256e-19,
      "num_date_confidence": [
        2020.077868852459,
        2020.077868852459
      ],
      "numdate": 2020.077868852459,
      "raw_date": "2020-01-29"
    },
    "Hangzhou/HZ-1/2020": {
      "branch_length": 0.0,
      "clock_length": 0.0,
      "date": "2020-01-20",
      "mutation_length": 7.657113932576876e-19,
      "num_date_confidence": [
        2020.0532786885246,
        2020.0532786885246
      ],
      "numdate": 2020.0532786885246,
      "raw_date": "2020-01-20"
    },
    "Japan/AI/I-004/2020": {
      "branch_length": 7.125780088514897e-05,
      "clock_length": 7.125780088514897e-05,
      "date": "2020-01-25",
      "mutation_length": 6.68850918503321e-05,
      "num_date_confidence": [
        2020.0669398907103,
        2020.0669398907103
      ],
      "numdate": 2020.0669398907103,
      "raw_date": "2020-01-25"
    },
    "Japan/KY-V-029/2020": {
      "branch_length": 9.99038834053536e-05,
      "clock_length": 9.99038834053536e-05,
      "date": "2020-01-29",
      "mutation_length": 0.00013378031595220844,
      "num_date_confidence": [
        2020.077868852459,
        2020.077868852459
      ],
      "numdate": 2020.077868852459,
      "raw_date": "2020-01-29"
    },
    "Japan/TY-WK-012/2020": {
      "branch_length": 1.6129407885697448e-05,
      "clock_length": 1.6129407885697448e-05,
      "date": "2020-01-29",
      "mutation_length": 3.344253426562741e-05,
      "num_date_confidence": [
        2020.077868852459,
        2020.077868852459
      ],
      "numdate": 2020.077868852459,
      "raw_date": "2020-01-29"
    },
    "Japan/TY-WK-501/2020": {
      "branch_length": 2.0520871916814655e-05,
      "clock_length": 2.0520871916814655e-05,
      "date": "2020-01-31",
      "mutation_length": 7.661816517518764e-19,
      "num_date_confidence": [
        2020.0833333333333,
        2020.0833333333333
      ],
      "numdate": 2020.0833333333333,
      "raw_date": "2020-01-31"
    },
    "Japan/TY-WK-521/2020": {
      "branch_length": 2.0520871916814655e-05,
      "clock_length": 2.0520871916814655e-05,
      "date": "2020-01-31",
      "mutation_length": 3.344261791663991e-05,
      "num_date_confidence": [
        2020.0833333333333,
        2020.0833333333333
      ],
      "numdate": 2020.0833333333333,
      "raw_date": "2020-01-31"
    },
    "NODE_0000000": {
      "branch_length": 0.001,
      "clock_length": 0.001,
      "date": "2019-04-27",
      "mutation_length": 0.001,
      "num_date_confidence": [
        2007.9740700390107,
        2019.922433318194
      ],
      "numdate": 2019.3192146280974
    },
    "NODE_0000003": {
      "branch_length": 3.257900818820177e-05,
      "clock_length": 3.257900818820177e-05,
      "date": "2019-12-29",
      "mutation_length": 3.343786093081633e-05,
      "num_date_confidence": [
        2017.7655729372045,
        2020.0123421248732
      ],
      "numdate": 2019.994093717247
    },
    "NODE_0000005": {
      "branch_length": 3.419426806781052e-05,
      "clock_length": 3.419426806781052e-05,
      "date": "2020-01-14",
      "mutation_length": 6.68773320642863e-05,
      "num_date_confidence": [
        2018.229369857754,
        2020.0837348061214
      ],
      "numdate": 2020.0366430635565
    },
    "NODE_0000006": {
      "branch_length": 5.6676184386594125e-06,
      "clock_length": 5.6676184386594125e-06,
      "date": "2020-01-01",
      "mutation_length": 2.190427368842635e-22,
      "num_date_confidence": [
        2019.9742446111661,
        2020.0531174744287
      ],
      "numdate": 2020.001146169992
    },
    "NODE_0000007": {
      "branch_length": 2.844326370609503e-05,
      "clock_length": 2.844326370609503e-05,
      "date": "2020-01-14",
      "mutation_length": 2.190427368842635e-22,
      "num_date_confidence": [
        2019.9730891690783,
        2020.052337899609
      ],
      "numdate": 2020.036539302993
    },
    "NODE_0000008": {
      "branch_length": 3.200053500253109e-05,
      "clock_length": 3.200053500253109e-05,
      "date": "2020-01-13",
      "mutation_length": 3.343765819321326e-05,
      "num_date_confidence": [
        2020.0060756663893,
        2020.0341530054645
      ],
      "numdate": 2020.0341530054645
    },
    "NODE_0000012": {
      "branch_length": 6.931312795102e-06,
      "clock_length": 6.931312795102e-06,
      "date": "2020-01-01",
      "mutation_length": 2.188460071670653e-22,
      "num_date_confidence": [
        2019.9782820687487,
        2020.0332846259062
      ],
      "numdate": 2020.002434860736
    },
    "NODE_0000013": {
      "branch_length": 6.396121029393821e-06,
      "clock_length": 6.396121029393821e-06,
      "date": "2020-01-04",
      "mutation_length": 2.188460071670653e-22,
      "num_date_confidence": [
        2019.9789785810701,
        2020.0410901370528
      ],
      "numdate": 2020.0103938194766
    },
    "NODE_0000017": {
      "branch_length": 6.854674223815083e-06,
      "clock_length": 6.854674223815083e-06,
      "date": "2019-12-18",
      "mutation_length": 2.188460071670653e-22,
      "num_date_confidence": [
        2019.9014051004833,
        2019.9797390995868
      ],
      "numdate": 2019.9620838613184
    },
    "NODE_0000018": {
      "branch_length": 1.1651540487533826e-05,
      "clock_length": 1.1651540487533826e-05,
      "date": "2019-12-23",
      "mutation_length": 2.188460071670653e-22,
      "num_date_confidence": [
        2019.9509940686532,
        2019.982615485042
      ],
      "numdate": 2019.9765823565124
    },
    "NODE_0000019": {
      "branch_length": 5.832967621096144e-07,
      "clock_length": 5.832967621096144e-07,
      "date": "2019-12-23",
      "mutation_length": 2.188460071670653e-22,
      "num_date_confidence": [
        2019.9663338941239,
        2019.9909267747603
      ],
      "numdate": 2019.9773081768717
    },
    "NODE_0000020": {
      "branch_length": 1.239810824584062e-06,
      "clock_length": 1.239810824584062e-06,
      "date": "2019-12-24",
      "mutation_length": 2.188460071670653e-22,
      "num_date_confidence": [
        2019.9671107215975,
        2019.9830545034354
      ],
      "numdate": 2019.9781251045551
    },
    "NODE_0000021": {
      "branch_length": 2.1073879834585918e-05,
      "clock_length": 2.1073879834585918e-05,
      "date": "2019-12-24",
      "mutation_length": 3.343732796143009e-05,
      "num_date_confidence": [
        2019.96656711228,
        2019.995890410959
      ],
      "numdate": 2019.9797774087451
    },
    "NODE_0000022": {
      "branch_length": 5.469882966710352e-06,
      "clock_length": 5.469882966710352e-06,
      "date": "2019-12-26",
      "mutation_length": 2.188460071670653e-22,
      "num_date_confidence": [
        2019.9769793525127,
        2019.9849315068493
      ],
      "numdate": 2019.9849315068493
    },
    "NODE_0000023": {
      "branch_length": 1.171289218545278e-07,
      "clock_length": 1.171289218545278e-07,
      "date": "2019-12-24",
      "mutation_length": 2.188460071670653e-22,
      "num_date_confidence": [
        2019.9720856168049,
        2020.0307006215721
      ],
      "numdate": 2019.9782708529317
    },
    "NODE_0000024": {
      "branch_length": 7.27477651826837e-05,
      "clock_length": 7.27477651826837e-05,
      "date": "2020-01-29",
      "mutation_length": 0.00010031714785775163,
      "num_date_confidence": [
        2020.0416746204326,
        2020.077868852459
      ],
      "numdate": 2020.077868852459
    },
    "NODE_0000025": {
      "branch_length": 1.1973841807009085e-05,
      "clock_length": 1.1973841807009085e-05,
      "date": "2019-12-23",
      "mutation_length": 2.188460071670653e-22,
      "num_date_confidence": [
        2019.9301901718998,
        2019.9884284640782
      ],
      "numdate": 2019.976983409415
    },
    "NODE_0000026": {
      "branch_length": 1.344413979702735e-05,
      "clock_length": 1.344413979702735e-05,
      "date": "2019-12-29",
      "mutation_length": 2.188460071670653e-22,
      "num_date_confidence": [
        2019.9411415375964,
        2020.0274481812542
      ],
      "numdate": 2019.9937125102958
    },
    "NODE_0000027": {
      "branch_length": 5.9298724670845575e-06,
      "clock_length": 5.9298724670845575e-06,
      "date": "2020-01-01",
      "mutation_length": 2.188460071670653e-22,
      "num_date_confidence": [
        2019.9728679433874,
        2020.0642559143575
      ],
      "numdate": 2020.0010912966081
    },
    "NODE_0000028": {
      "branch_length": 0.00012597073523243682,
      "clock_length": 0.00012597073523243682,
      "date": "2020-02-25",
      "mutation_length": 0.00013375900042874184,
      "num_date_confidence": [
        2020.0058829986817,
        2020.1682078906383
      ],
      "numdate": 2020.151084023974
    },
    "NODE_0000029": {
      "branch_length": 4.989803256679002e-07,
      "clock_length": 4.989803256679002e-07,
      "date": "2019-12-29",
      "mutation_length": 2.188460071670653e-22,
      "num_date_confidence": [
        2019.9434033898974,
        2020.0319979501983
      ],
      "numdate": 2019.9943334122154
    },
    "NODE_0000032": {
      "branch_length": 1.1497099872032914e-06,
      "clock_length": 1.1497099872032914e-06,
      "date": "2019-12-24",
      "mutation_length": 2.188460071670653e-22,
      "num_date_confidence": [
        2019.9569382711056,
        2019.990061307722
      ],
      "numdate": 2019.978414041248
    },
    "NODE_0000033": {
      "branch_length": 7.1778922046424444e-06,
      "clock_length": 7.1778922046424444e-06,
      "date": "2019-12-27",
      "mutation_length": 2.188460071670653e-22,
      "num_date_confidence": [
        2019.957174842661,
        2019.993672134197
      ],
      "numdate": 2019.9873457902938
    },
    "NODE_0000035": {
      "branch_length": 6.866781158975407e-06,
      "clock_length": 6.866781158975407e-06,
      "date": "2019-12-30",
      "mutation_length": 2.188460071670653e-22,
      "num_date_confidence": [
        2019.9861119517673,
        2019.995890410959
      ],
      "numdate": 2019.995890410959
    },
    "NODE_0000036": {
      "branch_length": 7.500573844102356e-06,
      "clock_length": 7.500573844102356e-06,
      "date": "2019-12-27",
      "mutation_length": 2.188460071670653e-22,
      "num_date_confidence": [
        2019.9630845646077,
        2019.9937799234174
      ],
      "numdate": 2019.9877473164443
    },
    "NODE_0000037": {
      "branch_length": 6.544099519515496e-06,
      "clock_length": 6.544099519515496e-06,
      "date": "2019-12-30",
      "mutation_length": 2.188460071670653e-22,
      "num_date_confidence": [
        2019.9856048128574,
        2019.995890410959
      ],
      "numdate": 2019.995890410959
    },
    "NODE_0000038": {
      "branch_length": 4.945288974361734e-06,
      "clock_length": 4.945288974361734e-06,
      "date": "2019-12-29",
      "mutation_length": 2.188460071670653e-22,
      "num_date_confidence": [
        2019.9814594853572,
        2020.0020507205677
      ],
      "numdate": 2019.9939009446707
    },
    "NODE_0000039": {
      "branch_length": 6.51798104753457e-06,
      "clock_length": 6.51798104753457e-06,
      "date": "2020-01-01",
      "mutation_length": 2.188460071670653e-22,
      "num_date_confidence": [
        2019.9826177831676,
        2020.0040983606557
      ],
      "numdate": 2020.0020115388875
    },
    "NODE_0000040": {
      "branch_length": 0.0005097794177179821,
      "clock_length": 0.0005097794177179821,
      "date": "2019-12-15",
      "mutation_length": 0.0005017518234378775,
      "num_date_confidence": [
        2017.6072340838543,
        2019.9749874171412
      ],
      "numdate": 2019.953554305815
    },
    "NODE_0000041": {
      "branch_length": 2.488060608877855e-05,
      "clock_length": 2.488060608877855e-05,
      "date": "2020-01-10",
      "mutation_length": 2.188460071670653e-22,
      "num_date_confidence": [
        2019.997406264577,
        2020.0501596646013
      ],
      "numdate": 2020.0248609150015
    },
    "NODE_0000042": {
      "branch_length": 3.235095457779856e-05,
      "clock_length": 3.235095457779856e-05,
      "date": "2019-12-29",
      "mutation_length": 6.687618866884112e-05,
      "num_date_confidence": [
        2019.949105745923,
        2020.0002880585641
      ],
      "numdate": 2019.9938099406788
    },
    "NODE_0000043": {
      "branch_length": 5.7932153402346205e-05,
      "clock_length": 5.7932153402346205e-05,
      "date": "2020-01-25",
      "mutation_length": 0.0001003168209750775,
      "num_date_confidence": [
        2020.0203027145574,
        2020.0863700322004
      ],
      "numdate": 2020.0658973224786
    },
    "NODE_0000044": {
      "branch_length": 2.2837600339873352e-05,
      "clock_length": 2.2837600339873352e-05,
      "date": "2020-01-20",
      "mutation_length": 2.188460071670653e-22,
      "num_date_confidence": [
        2020.025169843061,
        2020.0532786885246
      ],
      "numdate": 2020.0532786885246
    },
    "NODE_0000045": {
      "branch_length": 1.726478932541413e-05,
      "clock_length": 1.726478932541413e-05,
      "date": "2020-01-17",
      "mutation_length": 2.188460071670653e-22,
      "num_date_confidence": [
        2020.0173467760305,
        2020.068335311054
      ],
      "numdate": 2020.0463442085907
    },
    "NODE_0000046": {
      "branch_length": 9.153047191925306e-06,
      "clock_length": 9.153047191925306e-06,
      "date": "2020-01-22",
      "mutation_length": 2.188460071670653e-22,
      "num_date_confidence": [
        2020.0367491841114,
        2020.0724043715848
      ],
      "numdate": 2020.0577337249267
    },
    "NODE_0000049": {
      "branch_length": 3.5487276132881325e-05,
      "clock_length": 3.5487276132881325e-05,
      "date": "2020-01-14",
      "mutation_length": 0.00010031780213694616,
      "num_date_confidence": [
        2020.0044092966798,
        2020.053881413972
      ],
      "numdate": 2020.037968230564
    },
    "NODE_0000052": {
      "branch_length": 0.00012502414543825297,
      "clock_length": 0.00012502414543825297,
      "date": "2020-02-24",
      "mutation_length": 0.00016720807590207292,
      "num_date_confidence": [
        2020.0888710498148,
        2020.16797089586
      ],
      "numdate": 2020.149382671487
    },
    "NODE_0000054": {
      "branch_length": 2.674273982338266e-05,
      "clock_length": 2.674273982338266e-05,
      "date": "2020-01-16",
      "mutation_length": 3.343786093081633e-05,
      "num_date_confidence": [
        2020.0193887211447,
        2020.045081967213
      ],
      "numdate": 2020.043670920064
    },
    "NODE_0000055": {
      "branch_length": 6.961657465018669e-06,
      "clock_length": 6.961657465018669e-06,
      "date": "2020-01-01",
      "mutation_length": 3.343765819321326e-05,
      "num_date_confidence": [
        2019.9806012129195,
        2020.025956284153
      ],
      "numdate": 2020.0024726198676
    },
    "NODE_0000058": {
      "branch_length": 4.446186347683892e-05,
      "clock_length": 4.446186347683892e-05,
      "date": "2020-01-22",
      "mutation_length": 3.343809035653864e-05,
      "num_date_confidence": [
        2020.0288110197632,
        2020.0652341725597
      ],
      "numdate": 2020.0577983610967
    },
    "Nepal/61/2020": {
      "branch_length": 0.0,
      "clock_length": 0.0,
      "date": "2020-01-13",
      "mutation_length": 7.662012214395819e-19,
      "num_date_confidence": [
        2020.0341530054645,
        2020.0341530054645
      ],
      "numdate": 2020.0341530054645,
      "raw_date": "2020-01-13"
    },
    "Shanghai/SH01/2020": {
      "branch_length": 7.048428317283465e-05,
      "clock_length": 7.048428317283465e-05,
      "date": "2020-02-02",
      "mutation_length": 6.687700351963167e-05,
      "num_date_confidence": [
        2020.0887978142077,
        2020.0887978142077
      ],
      "numdate": 2020.0887978142077,
      "raw_date": "2020-02-02"
    },
    "Shenzhen/HKU-SZ-002/2020": {
      "branch_length": 1.8872363066374726e-05,
      "clock_length": 1.8872363066374726e-05,
      "date": "2020-01-10",
      "mutation_length": 7.664810838944009e-19,
      "num_date_confidence": [
        2020.025956284153,
        2020.025956284153
      ],
      "numdate": 2020.025956284153,
      "raw_date": "2020-01-10"
    },
    "Shenzhen/HKU-SZ-005/2020": {
      "branch_length": 2.106809508193333e-05,
      "clock_length": 2.106809508193333e-05,
      "date": "2020-01-11",
      "mutation_length": 6.687708817227237e-05,
      "num_date_confidence": [
        2020.02868852459,
        2020.02868852459
      ],
      "numdate": 2020.02868852459,
      "raw_date": "2020-01-11"
    },
    "SouthKorea/SNU01/2020": {
      "branch_length": 7.171633924826903e-05,
      "clock_length": 7.171633924826903e-05,
      "date": "2020-01-31",
      "mutation_length": 0.0002675566081687012,
      "num_date_confidence": [
        2020.053972861341,
        2020.0833333333333
      ],
      "numdate": 2020.0833333333333,
      "raw_date": "2020-01-XX"
    },
    "Spain/Valencia1/2020": {
      "branch_length": 2.6795060627279215e-05,
      "clock_length": 2.6795060627279215e-05,
      "date": "2020-03-08",
      "mutation_length": 3.34705603718599e-05,
      "num_date_confidence": [
        2020.1844262295083,
        2020.1844262295083
      ],
      "numdate": 2020.1844262295083,
      "raw_date": "2020-03-08"
    },
    "Spain/Valencia2/2020": {
      "branch_length": 1.9379403934766805e-05,
      "clock_length": 1.9379403934766805e-05,
      "date": "2020-03-04",
      "mutation_length": 3.347949443409975e-05,
      "num_date_confidence": [
        2020.1734972677596,
        2020.1734972677596
      ],
      "numdate": 2020.1734972677596,
      "raw_date": "2020-03-04"
    },
    "Spain/Valencia3/2020": {
      "branch_length": 2.1575135950325402e-05,
      "clock_length": 2.1575135950325402e-05,
      "date": "2020-03-05",
      "mutation_length": 7.666525057916067e-19,
      "num_date_confidence": [
        2020.1762295081967,
        2020.1762295081967
      ],
      "numdate": 2020.1762295081967,
      "raw_date": "2020-03-05"
    },
    "Sweden/01/2020": {
      "branch_length": 8.708646335736197e-05,
      "clock_length": 8.708646335736197e-05,
      "date": "2020-02-07",
      "mutation_length": 0.00020065845995855599,
      "num_date_confidence": [
        2020.1024590163934,
        2020.1024590163934
      ],
      "numdate": 2020.1024590163934,
      "raw_date": "2020-02-07"
    },
    "Taiwan/NTU01/2020": {
      "branch_length": 5.861695903417642e-05,
      "clock_length": 5.861695903417642e-05,
      "date": "2020-01-31",
      "mutation_length": 7.66352646035843e-19,
      "num_date_confidence": [
        2020.0833333333333,
        2020.0833333333333
      ],
      "numdate": 2020.0833333333333,
      "raw_date": "2020-01-31"
    },
    "Taiwan/NTU02/2020": {
      "branch_length": 7.707147921951046e-05,
      "clock_length": 7.707147921951046e-05,
      "date": "2020-02-05",
      "mutation_length": 6.688055076895012e-05,
      "num_date_confidence": [
        2020.0969945355191,
        2020.0969945355191
      ],
      "numdate": 2020.0969945355191,
      "raw_date": "2020-02-05"
    },
    "USA/AZ1/2020": {
      "branch_length": 1.2112631070583616e-05,
      "clock_length": 1.2112631070583616e-05,
      "date": "2020-01-22",
      "mutation_length": 3.343984807950362e-05,
      "num_date_confidence": [
        2020.058743169399,
        2020.058743169399
      ],
      "numdate": 2020.058743169399,
      "raw_date": "2020-01-22"
    },
    "USA/CA-PC101P/2020": {
      "branch_length": 3.338225667395502e-05,
      "clock_length": 3.338225667395502e-05,
      "date": "2020-03-11",
      "mutation_length": 3.34618804227301e-05,
      "num_date_confidence": [
        2020.1926229508197,
        2020.1926229508197
      ],
      "numdate": 2020.1926229508197,
      "raw_date": "2020-03-11"
    },
    "USA/CA1/2020": {
      "branch_length": 1.8891260601139375e-05,
      "clock_length": 1.8891260601139375e-05,
      "date": "2020-01-23",
      "mutation_length": 6.688091944340428e-05,
      "num_date_confidence": [
        2020.061475409836,
        2020.061475409836
      ],
      "numdate": 2020.061475409836,
      "raw_date": "2020-01-23"
    },
    "USA/CA2/2020": {
      "branch_length": 1.784386896330444e-05,
      "clock_length": 1.784386896330444e-05,
      "date": "2020-01-22",
      "mutation_length": 3.343984807950362e-05,
      "num_date_confidence": [
        2020.058743169399,
        2020.058743169399
      ],
      "numdate": 2020.058743169399,
      "raw_date": "2020-01-22"
    },
    "USA/CA3/2020": {
      "branch_length": 0.0,
      "clock_length": 0.0,
      "date": "2020-01-29",
      "mutation_length": 7.662531976415539e-19,
      "num_date_confidence": [
        2020.077868852459,
        2020.077868852459
      ],
      "numdate": 2020.077868852459,
      "raw_date": "2020-01-29"
    },
    "USA/CA4/2020": {
      "branch_length": 0.0,
      "clock_length": 0.0,
      "date": "2020-01-29",
      "mutation_length": 7.662531976415539e-19,
      "num_date_confidence": [
        2020.077868852459,
        2020.077868852459
      ],
      "numdate": 2020.077868852459,
      "raw_date": "2020-01-29"
    },
    "USA/CA5/2020": {
      "branch_length": 8.00407289475661e-05,
      "clock_length": 8.00407289475661e-05,
      "date": "2020-01-29",
      "mutation_length": 6.688130501347513e-05,
      "num_date_confidence": [
        2020.077868852459,
        2020.077868852459
      ],
      "numdate": 2020.077868852459,
      "raw_date": "2020-01-29"
    },
    "USA/CA6/2020": {
      "branch_length": 1.1789887931626858e-05,
      "clock_length": 1.1789887931626858e-05,
      "date": "2020-01-27",
      "mutation_length": 7.660642927644611e-19,
      "num_date_confidence": [
        2020.0724043715848,
        2020.0724043715848
      ],
      "numdate": 2020.0724043715848,
      "raw_date": "2020-01-27"
    },
    "USA/CA7/2020": {
      "branch_length": 7.818747215710458e-05,
      "clock_length": 7.818747215710458e-05,
      "date": "2020-02-06",
      "mutation_length": 6.688177477527626e-05,
      "num_date_confidence": [
        2020.0997267759562,
        2020.0997267759562
      ],
      "numdate": 2020.0997267759562,
      "raw_date": "2020-02-06"
    },
    "USA/CA8/2020": {
      "branch_length": 0.00010517878775783635,
      "clock_length": 0.00010517878775783635,
      "date": "2020-02-10",
      "mutation_length": 7.659235481826585e-19,
      "num_date_confidence": [
        2020.110655737705,
        2020.110655737705
      ],
      "numdate": 2020.110655737705,
      "raw_date": "2020-02-10"
    },
    "USA/CA9/2020": {
      "branch_length": 8.022769954436534e-05,
      "clock_length": 8.022769954436534e-05,
      "date": "2020-02-23",
      "mutation_length": 3.343981228219145e-05,
      "num_date_confidence": [
        2020.146174863388,
        2020.146174863388
      ],
      "numdate": 2020.146174863388,
      "raw_date": "2020-02-23"
    },
    "USA/IL1/2020": {
      "branch_length": 2.1957320155586036e-06,
      "clock_length": 2.1957320155586036e-06,
      "date": "2020-01-21",
      "mutation_length": 7.659463826959434e-19,
      "num_date_confidence": [
        2020.0560109289618,
        2020.0560109289618
      ],
      "numdate": 2020.0560109289618,
      "raw_date": "2020-01-21"
    },
    "USA/IL2/2020": {
      "branch_length": 2.9869920679115108e-05,
      "clock_length": 2.9869920679115108e-05,
      "date": "2020-01-28",
      "mutation_length": 6.688156731480853e-05,
      "num_date_confidence": [
        2020.0751366120219,
        2020.0751366120219
      ],
      "numdate": 2020.0751366120219,
      "raw_date": "2020-01-28"
    },
    "USA/MA1/2020": {
      "branch_length": 3.513171224930309e-05,
      "clock_length": 3.513171224930309e-05,
      "date": "2020-01-29",
      "mutation_length": 0.00010032852630104224,
      "num_date_confidence": [
        2020.077868852459,
        2020.077868852459
      ],
      "numdate": 2020.077868852459,
      "raw_date": "2020-01-29"
    },
    "USA/MN2-MDH2/2020": {
      "branch_length": 0.0001581257914948508,
      "clock_length": 0.0001581257914948508,
      "date": "2020-03-07",
      "mutation_length": 6.690240428671049e-05,
      "num_date_confidence": [
        2020.181693989071,
        2020.181693989071
      ],
      "numdate": 2020.181693989071,
      "raw_date": "2020-03-07"
    },
    "USA/TX1/2020": {
      "branch_length": 8.913578756516364e-05,
      "clock_length": 8.913578756516364e-05,
      "date": "2020-02-11",
      "mutation_length": 0.00013377255701112865,
      "num_date_confidence": [
        2020.113387978142,
        2020.113387978142
      ],
      "numdate": 2020.113387978142,
      "raw_date": "2020-02-11"
    },
    "USA/WA3-UW1/2020": {
      "branch_length": 9.680683560127168e-05,
      "clock_length": 9.680683560127168e-05,
      "date": "2020-02-27",
      "mutation_length": 0.00033447300691605964,
      "num_date_confidence": [
        2020.1571038251366,
        2020.1571038251366
      ],
      "numdate": 2020.1571038251366,
      "raw_date": "2020-02-27"
    },
    "USA/WA4-UW2/2020": {
      "branch_length": 7.549273589269781e-05,
      "clock_length": 7.549273589269781e-05,
      "date": "2020-02-28",
      "mutation_length": 0.00010033658571313863,
      "num_date_confidence": [
        2020.1598360655737,
        2020.1598360655737
      ],
      "numdate": 2020.1598360655737,
      "raw_date": "2020-02-28"
    },
    "USA/WA6-UW3/2020": {
      "branch_length": 7.768846790825642e-05,
      "clock_length": 7.768846790825642e-05,
      "date": "2020-02-29",
      "mutation_length": 0.00016721423118281565,
      "num_date_confidence": [
        2020.1625683060108,
        2020.1625683060108
      ],
      "numdate": 2020.1625683060108,
      "raw_date": "2020-02-29"
    },
    "USA/WA7-UW4/2020": {
      "branch_length": 7.988419992399775e-05,
      "clock_length": 7.988419992399775e-05,
      "date": "2020-03-01",
      "mutation_length": 3.343762819878814e-05,
      "num_date_confidence": [
        2020.1653005464482,
        2020.1653005464482
      ],
      "numdate": 2020.1653005464482,
      "raw_date": "2020-03-01"
    },
    "Wuhan-Hu-1/2019": {
      "branch_length": 0.0,
      "clock_length": 0.0,
      "date": "2019-12-26",
      "mutation_length": 2.188460071670653e-22,
      "num_date_confidence": [
        2019.9849315068493,
        2019.9849315068493
      ],
      "numdate": 2019.9849315068493,
      "raw_date": "2019-12-26"
    },
    "Wuhan/IPBCAMS-WH-01/2019": {
      "branch_length": 2.08124130632337e-05,
      "clock_length": 2.08124130632337e-05,
      "date": "2019-12-24",
      "mutation_length": 0.00010031732289403833,
      "num_date_confidence": [
        2019.9794520547946,
        2019.9794520547946
      ],
      "numdate": 2019.9794520547946,
      "raw_date": "2019-12-24"
    },
    "Wuhan/IPBCAMS-WH-02/2019": {
      "branch_length": 3.402289938164531e-05,
      "clock_length": 3.402289938164531e-05,
      "date": "2019-12-30",
      "mutation_length": 0.00020065926451411344,
      "num_date_confidence": [
        2019.995890410959,
        2019.995890410959
      ],
      "numdate": 2019.995890410959,
      "raw_date": "2019-12-30"
    },
    "Wuhan/IPBCAMS-WH-03/2019": {
      "branch_length": 1.4933387908186787e-05,
      "clock_length": 1.4933387908186787e-05,
      "date": "2019-12-30",
      "mutation_length": 3.343726283538058e-05,
      "num_date_confidence": [
        2019.995890410959,
        2019.995890410959
      ],
      "numdate": 2019.995890410959,
      "raw_date": "2019-12-30"
    },
    "Wuhan/IPBCAMS-WH-04/2019": {
      "branch_length": 0.0,
      "clock_length": 0.0,
      "date": "2019-12-30",
      "mutation_length": 2.188460071670653e-22,
      "num_date_confidence": [
        2019.995890410959,
        2019.995890410959
      ],
      "numdate": 2019.995890410959,
      "raw_date": "2019-12-30"
    },
    "Wuhan/IPBCAMS-WH-05/2020": {
      "branch_length": 1.9333875495523286e-05,
      "clock_length": 1.9333875495523286e-05,
      "date": "2020-01-01",
      "mutation_length": 3.343991930470156e-05,
      "num_date_confidence": [
        2020.0013661202186,
        2020.0013661202186
      ],
      "numdate": 2020.0013661202186,
      "raw_date": "2020-01-01"
    },
    "Wuhan/WH01/2019": {
      "branch_length": 2.5215908502643322e-05,
      "clock_length": 2.5215908502643322e-05,
      "date": "2019-12-26",
      "mutation_length": 6.69020841220208e-05,
      "num_date_confidence": [
        2019.9849315068493,
        2019.9849315068493
      ],
      "numdate": 2019.9849315068493,
      "raw_date": "2019-12-26"
    },
    "Wuhan/WH02/2019": {
      "branch_length": 0.0005460040648193321,
      "clock_length": 0.0005460040648193321,
      "date": "2019-12-31",
      "mutation_length": 0.0006370521138027397,
      "num_date_confidence": [
        2019.9986301369863,
        2019.9986301369863
      ],
      "numdate": 2019.9986301369863,
      "raw_date": "2019-12-31"
    },
    "Wuhan/WH03/2020": {
      "branch_length": 4.400487587336499e-06,
      "clock_length": 4.400487587336499e-06,
      "date": "2020-01-01",
      "mutation_length": 7.660011428878425e-19,
      "num_date_confidence": [
        2020.0013661202186,
        2020.0013661202186
      ],
      "numdate": 2020.0013661202186,
      "raw_date": "2020-01-01"
    },
    "Wuhan/WH04/2020": {
      "branch_length": 1.4855360453600405e-05,
      "clock_length": 1.4855360453600405e-05,
      "date": "2020-01-05",
      "mutation_length": 3.344673344171794e-05,
      "num_date_confidence": [
        2020.0122950819673,
        2020.0122950819673
      ],
      "numdate": 2020.0122950819673,
      "raw_date": "2020-01-05"
    },
    "Wuhan/WH05/2020": {
      "branch_length": 5.297558121260753e-05,
      "clock_length": 5.297558121260753e-05,
      "date": "2020-02-07",
      "mutation_length": 6.697314618344142e-05,
      "num_date_confidence": [
        2020.1024590163934,
        2020.1024590163934
      ],
      "numdate": 2020.1024590163934,
      "raw_date": "2020-02-07"
    },
    "Wuhan/WIV02/2019": {
      "branch_length": 1.2949019547059393e-05,
      "clock_length": 1.2949019547059393e-05,
      "date": "2019-12-30",
      "mutation_length": 3.345969260264677e-05,
      "num_date_confidence": [
        2019.995890410959,
        2019.995890410959
      ],
      "numdate": 2019.995890410959,
      "raw_date": "2019-12-30"
    },
    "Wuhan/WIV04/2019": {
      "branch_length": 0.0,
      "clock_length": 0.0,
      "date": "2019-12-30",
      "mutation_length": 2.188460071670653e-22,
      "num_date_confidence": [
        2019.995890410959,
        2019.995890410959
      ],
      "numdate": 2019.995890410959,
      "raw_date": "2019-12-30"
    },
    "Wuhan/WIV05/2019": {
      "branch_length": 3.402289938164531e-05,
      "clock_length": 3.402289938164531e-05,
      "date": "2019-12-30",
      "mutation_length": 6.690393473802335e-05,
      "num_date_confidence": [
        2019.995890410959,
        2019.995890410959
      ],
      "numdate": 2019.995890410959,
      "raw_date": "2019-12-30"
    },
    "Wuhan/WIV06/2019": {
      "branch_length": 0.0,
      "clock_length": 0.0,
      "date": "2019-12-30",
      "mutation_length": 7.665043253529677e-19,
      "num_date_confidence": [
        2019.995890410959,
        2019.995890410959
      ],
      "numdate": 2019.995890410959,
      "raw_date": "2019-12-30"
    },
    "Wuhan/WIV07/2019": {
      "branch_length": 3.402289938164531e-05,
      "clock_length": 3.402289938164531e-05,
      "date": "2019-12-30",
      "mutation_length": 6.689719983795412e-05,
      "num_date_confidence": [
        2019.995890410959,
        2019.995890410959
      ],
      "numdate": 2019.995890410959,
      "raw_date": "2019-12-30"
    },
    "Yunnan/IVDC-YN-003/2020": {
      "branch_length": 1.1339709926078557e-06,
      "clock_length": 1.1339709926078557e-06,
      "date": "2020-01-17",
      "mutation_length": 7.661955875715045e-19,
      "num_date_confidence": [
        2020.045081967213,
        2020.045081967213
      ],
      "numdate": 2020.045081967213,
      "raw_date": "2020-01-17"
    }
  }
}