{
  "alignment": "results_ebola/aligned.fasta",
  "clock": {
    "intercept": -2.0476800203661507,
    "rate": 0.0010166967623081236,
    "rtt_Tmrca": 2014.0518749341445
  },
  "generated_by": {
    "program": "augur",
    "version": "6.4.3"
  },
  "input_tree": "results_ebola/tree_raw.nwk",
  "nodes": {
    "13031_EMLH": {
      "branch_length": 0.00019616079541252569,
      "clock_length": 0.00019616079541252569,
      "date": "2015-05-18",
      "mutation_length": 5.2810105235178574e-05,
      "num_date_confidence": [
        2015.376712328767,
        2015.376712328767
      ],
      "numdate": 2015.376712328767,
      "raw_date": "2015-05-18"
    },
    "15686_EMLK": {
      "branch_length": 0.000588080648893971,
      "clock_length": 0.000588080648893971,
      "date": "2015-06-30",
      "mutation_length": 0.00031671116546739,
      "num_date_confidence": [
        2015.4945205479453,
        2015.4945205479453
      ],
      "numdate": 2015.4945205479453,
      "raw_date": "2015-06-30"
    },
    "18636_EMLH": {
      "branch_length": 0.0003382197950775089,
      "clock_length": 0.0003382197950775089,
      "date": "2015-07-08",
      "mutation_length": 0.00042255983473213235,
      "num_date_confidence": [
        2015.5164383561644,
        2015.5164383561644
      ],
      "numdate": 2015.5164383561644,
      "raw_date": "2015-07-08"
    },
    "490_EMLH": {
      "branch_length": 0.0005933755919603012,
      "clock_length": 0.0005933755919603012,
      "date": "2015-01-30",
      "mutation_length": 0.0005806807568535971,
      "num_date_confidence": [
        2015.0808219178082,
        2015.0808219178082
      ],
      "numdate": 2015.0808219178082,
      "raw_date": "2015-01-30"
    },
    "DML24708": {
      "branch_length": 0.00016190364989901885,
      "clock_length": 0.00016190364989901885,
      "date": "2015-01-28",
      "mutation_length": 0.0002640407814506439,
      "num_date_confidence": [
        2015.0753424657535,
        2015.0753424657535
      ],
      "numdate": 2015.0753424657535,
      "raw_date": "2015-01-28"
    },
    "EM_000027": {
      "branch_length": 0.00020496831680651747,
      "clock_length": 0.00020496831680651747,
      "date": "2014-09-01",
      "mutation_length": 0.00021112239004396834,
      "num_date_confidence": [
        2014.6671232876713,
        2014.6671232876713
      ],
      "numdate": 2014.6671232876713,
      "raw_date": "2014-09-01"
    },
    "EM_000968": {
      "branch_length": 0.00019776841129818916,
      "clock_length": 0.00019776841129818916,
      "date": "2014-10-01",
      "mutation_length": 0.00015831145444270768,
      "num_date_confidence": [
        2014.7493150684932,
        2014.7493150684932
      ],
      "numdate": 2014.7493150684932,
      "raw_date": "2014-10-01"
    },
    "EM_074351": {
      "branch_length": 0.0,
      "clock_length": 0.0,
      "date": "2014-07-22",
      "mutation_length": 2.5839368772717327e-17,
      "num_date_confidence": [
        2014.554794520548,
        2014.554794520548
      ],
      "numdate": 2014.554794520548,
      "raw_date": "2014-07-22"
    },
    "EM_080193": {
      "branch_length": 2.5876344000402146e-05,
      "clock_length": 2.5876344000402146e-05,
      "date": "2014-06-29",
      "mutation_length": 0.00015831896001701842,
      "num_date_confidence": [
        2014.4917808219177,
        2014.4917808219177
      ],
      "numdate": 2014.4917808219177,
      "raw_date": "2014-06-29"
    },
    "EM_080223": {
      "branch_length": 0.0004013863191002663,
      "clock_length": 0.0004013863191002663,
      "date": "2014-07-04",
      "mutation_length": 0.0004222713801080365,
      "num_date_confidence": [
        2014.5054794520547,
        2014.5054794520547
      ],
      "numdate": 2014.5054794520547,
      "raw_date": "2014-07-04"
    },
    "EM_COY_2015_016617": {
      "branch_length": 0.0009048985221253147,
      "clock_length": 0.0009048985221253147,
      "date": "2015-05-16",
      "mutation_length": 0.0008982219055661524,
      "num_date_confidence": [
        2015.3712328767124,
        2015.3712328767124
      ],
      "numdate": 2015.3712328767124,
      "raw_date": "2015-05-16"
    },
    "EM_COY_2015_017574": {
      "branch_length": 0.0009896491652569466,
      "clock_length": 0.0009896491652569466,
      "date": "2015-06-10",
      "mutation_length": 0.0013219787786892866,
      "num_date_confidence": [
        2015.4397260273972,
        2015.4397260273972
      ],
      "numdate": 2015.4397260273972,
      "raw_date": "2015-06-10"
    },
    "G3807": {
      "branch_length": 0.0,
      "clock_length": 0.0,
      "date": "2014-06-15",
      "mutation_length": 2.584193832147811e-17,
      "num_date_confidence": [
        2014.4534246575342,
        2014.4534246575342
      ],
      "numdate": 2014.4534246575342,
      "raw_date": "2014-06-15"
    },
    "G3848": {
      "branch_length": 0.0,
      "clock_length": 0.0,
      "date": "2014-06-18",
      "mutation_length": 2.5845215223931023e-17,
      "num_date_confidence": [
        2014.4616438356165,
        2014.4616438356165
      ],
      "numdate": 2014.4616438356165,
      "raw_date": "2014-06-18"
    },
    "G3926.2": {
      "branch_length": 1.858852303947018e-05,
      "clock_length": 1.858852303947018e-05,
      "date": "2014-06-22",
      "mutation_length": 5.278261356308952e-05,
      "num_date_confidence": [
        2014.472602739726,
        2014.472602739726
      ],
      "numdate": 2014.472602739726,
      "raw_date": "2014-06-22"
    },
    "G4345.1": {
      "branch_length": 6.56843321383679e-05,
      "clock_length": 6.56843321383679e-05,
      "date": "2014-07-18",
      "mutation_length": 5.276736121489052e-05,
      "num_date_confidence": [
        2014.5438356164384,
        2014.5438356164384
      ],
      "numdate": 2014.5438356164384,
      "raw_date": "2014-07-18"
    },
    "G4350.1": {
      "branch_length": 5.4542449811634426e-05,
      "clock_length": 5.4542449811634426e-05,
      "date": "2014-07-14",
      "mutation_length": 0.00010553767842688691,
      "num_date_confidence": [
        2014.5328767123287,
        2014.5328767123287
      ],
      "numdate": 2014.5328767123287,
      "raw_date": "2014-07-14"
    },
    "G5016.1": {
      "branch_length": 0.0001282020048221288,
      "clock_length": 0.0001282020048221288,
      "date": "2014-08-16",
      "mutation_length": 0.0001583234751534653,
      "num_date_confidence": [
        2014.623287671233,
        2014.623287671233
      ],
      "numdate": 2014.623287671233,
      "raw_date": "2014-08-16"
    },
    "G5996.1": {
      "branch_length": 0.00027576158758486034,
      "clock_length": 0.00027576158758486034,
      "date": "2014-09-25",
      "mutation_length": 0.00047519727470958663,
      "num_date_confidence": [
        2014.7328767123288,
        2014.7328767123288
      ],
      "numdate": 2014.7328767123288,
      "raw_date": "2014-09-25"
    },
    "J0102": {
      "branch_length": 0.00022922094577257357,
      "clock_length": 0.00022922094577257357,
      "date": "2014-10-27",
      "mutation_length": 0.00036959267071563144,
      "num_date_confidence": [
        2014.8205479452056,
        2014.8205479452056
      ],
      "numdate": 2014.8205479452056,
      "raw_date": "2014-10-27"
    },
    "J0165": {
      "branch_length": 0.0002626465927525424,
      "clock_length": 0.0002626465927525424,
      "date": "2014-11-08",
      "mutation_length": 0.00021111604717067122,
      "num_date_confidence": [
        2014.8534246575343,
        2014.8534246575343
      ],
      "numdate": 2014.8534246575343,
      "raw_date": "2014-11-08"
    },
    "LIBR10047": {
      "branch_length": 2.4520601437474573e-05,
      "clock_length": 2.4520601437474573e-05,
      "date": "2014-10-01",
      "mutation_length": 5.2777376461452364e-05,
      "num_date_confidence": [
        2014.7493150684932,
        2014.7493150684932
      ],
      "numdate": 2014.7493150684932,
      "raw_date": "2014-10-01"
    },
    "LIBR10110": {
      "branch_length": 4.642803807409102e-05,
      "clock_length": 4.642803807409102e-05,
      "date": "2014-08-20",
      "mutation_length": 2.5847239650467542e-17,
      "num_date_confidence": [
        2014.6342465753426,
        2014.6342465753426
      ],
      "numdate": 2014.6342465753426,
      "raw_date": "2014-08-20"
    },
    "LIBR10218": {
      "branch_length": 1.8949660274223193e-05,
      "clock_length": 1.8949660274223193e-05,
      "date": "2014-09-29",
      "mutation_length": 2.5830059663912748e-17,
      "num_date_confidence": [
        2014.7438356164384,
        2014.7438356164384
      ],
      "numdate": 2014.7438356164384,
      "raw_date": "2014-09-29"
    },
    "LIBR10224": {
      "branch_length": 0.00014949044959562414,
      "clock_length": 0.00014949044959562414,
      "date": "2014-09-26",
      "mutation_length": 0.00026396370354017206,
      "num_date_confidence": [
        2014.7356164383561,
        2014.7356164383561
      ],
      "numdate": 2014.7356164383561,
      "raw_date": "2014-09-26"
    },
    "LIBR10253": {
      "branch_length": 0.0002628677734804767,
      "clock_length": 0.0002628677734804767,
      "date": "2014-09-16",
      "mutation_length": 0.0002639961396790341,
      "num_date_confidence": [
        2014.7082191780821,
        2014.7082191780821
      ],
      "numdate": 2014.7082191780821,
      "raw_date": "2014-09-16"
    },
    "MK2788": {
      "branch_length": 0.00016094591934355269,
      "clock_length": 0.00016094591934355269,
      "date": "2015-03-07",
      "mutation_length": 5.2763781224878444e-05,
      "num_date_confidence": [
        2015.1794520547944,
        2015.1794520547944
      ],
      "numdate": 2015.1794520547944,
      "raw_date": "2015-03-07"
    },
    "Makona-UK3": {
      "branch_length": 0.000126346752408895,
      "clock_length": 0.000126346752408895,
      "date": "2015-03-12",
      "mutation_length": 0.00010557419699234595,
      "num_date_confidence": [
        2015.1931506849314,
        2015.1931506849314
      ],
      "numdate": 2015.1931506849314,
      "raw_date": "2015-03-12"
    },
    "NODE_0000000": {
      "branch_length": 0.001,
      "clock_length": 0.001,
      "date": "2014-02-10",
      "mutation_length": 0.001,
      "num_date_confidence": [
        2013.9450429843102,
        2014.2926353089956
      ],
      "numdate": 2014.1106849233606
    },
    "NODE_0000002": {
      "branch_length": 0.0004460328881262486,
      "clock_length": 0.0004460328881262486,
      "date": "2014-12-01",
      "mutation_length": 0.00047508277343315133,
      "num_date_confidence": [
        2014.7195481823899,
        2015.009078771846
      ],
      "numdate": 2014.9160976880564
    },
    "NODE_0000004": {
      "branch_length": 2.587999638607296e-05,
      "clock_length": 2.587999638607296e-05,
      "date": "2014-06-24",
      "mutation_length": 5.2770679188213034e-05,
      "num_date_confidence": [
        2014.4541676884744,
        2014.5113871153083
      ],
      "numdate": 2014.4792299891035
    },
    "NODE_0000005": {
      "branch_length": 1.7422667618625758e-05,
      "clock_length": 1.7422667618625758e-05,
      "date": "2014-06-05",
      "mutation_length": 2.584193832147811e-17,
      "num_date_confidence": [
        2014.4037876024615,
        2014.4470245233733
      ],
      "numdate": 2014.4266700999458
    },
    "NODE_0000006": {
      "branch_length": 4.498014036636178e-05,
      "clock_length": 4.498014036636178e-05,
      "date": "2014-06-15",
      "mutation_length": 5.276825564759588e-05,
      "num_date_confidence": [
        2014.419885014846,
        2014.4537750084785
      ],
      "numdate": 2014.4537750084785
    },
    "NODE_0000007": {
      "branch_length": 8.000211074518301e-06,
      "clock_length": 8.000211074518301e-06,
      "date": "2014-06-18",
      "mutation_length": 5.2768629649889e-05,
      "num_date_confidence": [
        2014.4553523923657,
        2014.4616438356165
      ],
      "numdate": 2014.4616438356165
    },
    "NODE_0000008": {
      "branch_length": 3.94996606406595e-05,
      "clock_length": 3.94996606406595e-05,
      "date": "2014-06-19",
      "mutation_length": 2.584193832147811e-17,
      "num_date_confidence": [
        2014.4366945300758,
        2014.5089369510408
      ],
      "numdate": 2014.465521075089
    },
    "NODE_0000010": {
      "branch_length": 2.3382262691545343e-05,
      "clock_length": 2.3382262691545343e-05,
      "date": "2014-06-14",
      "mutation_length": 2.584193832147811e-17,
      "num_date_confidence": [
        2014.4244377930659,
        2014.4511708826465
      ],
      "numdate": 2014.4496683660545
    },
    "NODE_0000011": {
      "branch_length": 0.00013567570042569144,
      "clock_length": 0.00013567570042569144,
      "date": "2014-08-06",
      "mutation_length": 0.0001583157831109243,
      "num_date_confidence": [
        2014.5166418611118,
        2014.6694546513033
      ],
      "numdate": 2014.5950913938814
    },
    "NODE_0000012": {
      "branch_length": 0.00014040876852373582,
      "clock_length": 0.00014040876852373582,
      "date": "2014-08-15",
      "mutation_length": 0.00010554090236214092,
      "num_date_confidence": [
        2014.5394338651145,
        2014.752007786754
      ],
      "numdate": 2014.6192980010017
    },
    "NODE_0000013": {
      "branch_length": 0.0005738998993523045,
      "clock_length": 0.0005738998993523045,
      "date": "2015-03-09",
      "mutation_length": 0.0006334960652178853,
      "num_date_confidence": [
        2015.1201462323884,
        2015.376712328767
      ],
      "numdate": 2015.1837729955414
    },
    "NODE_0000014": {
      "branch_length": 0.000408560893541232,
      "clock_length": 0.000408560893541232,
      "date": "2015-01-08",
      "mutation_length": 0.00036945813478301783,
      "num_date_confidence": [
        2014.9278727200601,
        2015.0949811304135
      ],
      "numdate": 2015.0211492792666
    },
    "NODE_0000015": {
      "branch_length": 4.852651984301598e-05,
      "clock_length": 4.852651984301598e-05,
      "date": "2015-01-26",
      "mutation_length": 5.2764040168589475e-05,
      "num_date_confidence": [
        2014.9930159439286,
        2015.128596004843
      ],
      "numdate": 2015.0688788694865
    },
    "NODE_0000016": {
      "branch_length": 3.819009385601195e-06,
      "clock_length": 3.819009385601195e-06,
      "date": "2014-06-15",
      "mutation_length": 2.584193832147811e-17,
      "num_date_confidence": [
        2014.4416415116084,
        2014.4534246575342
      ],
      "numdate": 2014.4534246575342
    },
    "NODE_0000018": {
      "branch_length": 0.0003209341610782507,
      "clock_length": 0.0003209341610782507,
      "date": "2014-09-22",
      "mutation_length": 0.0005807158736415202,
      "num_date_confidence": [
        2014.6798603172665,
        2014.7438356164384
      ],
      "numdate": 2014.7251971580733
    },
    "NODE_0000020": {
      "branch_length": 5.535703615508827e-07,
      "clock_length": 5.535703615508827e-07,
      "date": "2014-06-15",
      "mutation_length": 2.584579358061382e-17,
      "num_date_confidence": [
        2014.44134874535,
        2014.4709385899948
      ],
      "numdate": 2014.454319487798
    },
    "NODE_0000021": {
      "branch_length": 9.076402295825087e-05,
      "clock_length": 9.076402295825087e-05,
      "date": "2014-07-22",
      "mutation_length": 0.0001055390421957779,
      "num_date_confidence": [
        2014.5104358689152,
        2014.554794520548
      ],
      "numdate": 2014.554794520548
    },
    "NODE_0000022": {
      "branch_length": 2.345551298084045e-05,
      "clock_length": 2.345551298084045e-05,
      "date": "2014-06-24",
      "mutation_length": 2.584579358061382e-17,
      "num_date_confidence": [
        2014.4501867146332,
        2014.522742593192
      ],
      "numdate": 2014.477389801239
    },
    "NODE_0000024": {
      "branch_length": 0.0003038384383529146,
      "clock_length": 0.0003038384383529146,
      "date": "2014-05-30",
      "mutation_length": 0.0003166777272136279,
      "num_date_confidence": [
        2014.3978517583926,
        2014.4465019267554
      ],
      "numdate": 2014.4095335571096
    },
    "NODE_0000025": {
      "branch_length": 5.774418383859038e-05,
      "clock_length": 5.774418383859038e-05,
      "date": "2014-06-20",
      "mutation_length": 0.00021110400081411445,
      "num_date_confidence": [
        2014.4421010673734,
        2014.484066303433
      ],
      "numdate": 2014.4663294336967
    },
    "NODE_0000026": {
      "branch_length": 2.01318872282176e-05,
      "clock_length": 2.01318872282176e-05,
      "date": "2014-07-01",
      "mutation_length": 2.584579358061382e-17,
      "num_date_confidence": [
        2014.456613060449,
        2014.5589985778238
      ],
      "numdate": 2014.4971910713666
    },
    "NODE_0000027": {
      "branch_length": 0.00013741302031596968,
      "clock_length": 0.00013741302031596968,
      "date": "2014-08-03",
      "mutation_length": 0.00010554432961422933,
      "num_date_confidence": [
        2014.5183061953248,
        2014.630080551595
      ],
      "numdate": 2014.5885810044513
    },
    "NODE_0000029": {
      "branch_length": 1.987771098777881e-05,
      "clock_length": 1.987771098777881e-05,
      "date": "2014-06-25",
      "mutation_length": 2.5845215223931023e-17,
      "num_date_confidence": [
        2014.4538501770967,
        2014.570044044711
      ],
      "numdate": 2014.481195103728
    },
    "PL4696": {
      "branch_length": 0.00012913222299075228,
      "clock_length": 0.00012913222299075228,
      "date": "2015-03-13",
      "mutation_length": 0.00026398634734489527,
      "num_date_confidence": [
        2015.195890410959,
        2015.195890410959
      ],
      "numdate": 2015.195890410959,
      "raw_date": "2015-03-13"
    },
    "V768": {
      "branch_length": 6.592633214570157e-05,
      "clock_length": 6.592633214570157e-05,
      "date": "2014-08-27",
      "mutation_length": 0.00010554006741512068,
      "num_date_confidence": [
        2014.6534246575343,
        2014.6534246575343
      ],
      "numdate": 2014.6534246575343,
      "raw_date": "2014-08-27"
    }
  }
}