Case	Disease	Assension	Date	Region	Country
flu	EPI182942	A/Perth/16/2009	2009-04-07	?	oceania
flu	EPI385929	A/Brisbane/10/2007	2007-XX-XX	?	oceania
flu	EPI367112	A/Wisconsin/67/2005	2005-XX-XX	?	north_america
flu	EPI527734	A/Delhi/1720/2013	2013-02-20	?	south_asia
flu	EPI966185	A/SaudiArabia/6/2014	2014-10-02	?	west_asia
flu	EPI496750	A/Peru/PER272/2010	2010-10-16	?	south_america
flu	EPI340629	A/Hyogo/10K034/2011	2011-01-17	?	japan_korea
flu	EPI398607	A/CzechRepublic/119/2012	2012-02-28	?	europe
flu	EPI446793	A/Tehran/1219/2012	2012-01-28	?	west_asia
flu	EPI489611	A/Helsinki/942/2013	2013-02-27	?	europe
