Case	Disease	Assension	Date	Region	Country
flu	EPI307676	A/Perth/16/2009	2009-04-07	?	oceania
flu	EPI125691	A/Brisbane/10/2007	2007-XX-XX	?	oceania
flu	EPI106424	A/Wisconsin/67/2005	2005-XX-XX	?	north_america
flu	EPI545343	A/Victoria/208/2009	2009-06-02	?	oceania
flu	EPI427058	A/Alabama/5/2010	2010-07-13	?	north_america
flu	EPI390310	A/RhodeIsland/1/2010	2010-01-26	?	north_america
flu	EPI390117	A/Perth/10/2010	2010-05-25	?	oceania
flu	EPI609265	A/Victoria/210/2009	2009-06-02	?	oceania
flu	EPI527682	A/Delhi/1720/2013	2013-02-20	?	south_asia
flu	EPI966136	A/SaudiArabia/6/2014	2014-10-02	?	west_asia
flu	EPI496744	A/Peru/PER272/2010	2010-10-16	?	south_america
flu	EPI340514	A/Hyogo/10K034/2011	2011-01-17	?	japan_korea
flu	EPI398605	A/CzechRepublic/119/2012	2012-02-28	?	europe
flu	EPI446792	A/Tehran/1219/2012	2012-01-28	?	west_asia
flu	EPI489613	A/Helsinki/942/2013	2013-02-27	?	europe
